LABEL-1,LABEL-2,LABEL-3,LABEL-4,LABEL-5
Wild yak,Bos mutus,bmutus,BosGru_v2.0,"GO:MF, GO:CC, GO:BP, KEGG, HP"
Sloth,Choloepus hoffmanni,choffmanni,choHof1,"GO:MF, GO:CC, GO:BP, HP"
Zebrafish,Danio rerio,drerio,GRCz11,"GO:MF, GO:CC, GO:BP, KEGG, REAC, TF, MIRNA, HP"
Collared flycatcher,Ficedula albicollis,falbicollis,FicAlb1.5,"GO:MF, GO:CC, GO:BP, KEGG, HP"
Dingo,Canis lupus dingo,cldingo,ASM325472v1,"GO:MF, GO:CC, GO:BP, HP"
African ostrich,Struthio camelus australis,scaustralis,ASM69896v1,"GO:MF, GO:CC, GO:BP, HP"
Marmoset,Callithrix jacchus,cjacchus,ASM275486v1,"GO:MF, GO:CC, GO:BP, KEGG, HP"
Ryukyu mouse,Mus caroli,mcaroli,CAROLI_EIJ_v1.1,"GO:MF, GO:CC, GO:BP, KEGG, HP"
Lesser Egyptian jerboa,Jaculus jaculus,jjaculus,JacJac1.0,"GO:MF, GO:CC, GO:BP, HP"
Sailfin molly,Poecilia latipinna,platipinna,P_latipinna-1.0,"GO:MF, GO:CC, GO:BP, HP"
Sheep,Ovis aries,oarambouillet,Oar_rambouillet_v1.0,"GO:MF, GO:CC, GO:BP, HP"
Mexican tetra,Astyanax mexicanus,amexicanus,Astyanax_mexicanus-2.0,"GO:MF, GO:CC, GO:BP, KEGG, HP"
Rabbit,Oryctolagus cuniculus,ocuniculus,OryCun2.0,"GO:MF, GO:CC, GO:BP, KEGG, HP"
Rainbow trout,Oncorhynchus mykiss,omykiss,Omyk_1.0,"GO:MF, GO:CC, GO:BP, HP"
Siberian musk deer,Moschus moschiferus,mmoschiferus,MosMos_v2_BIUU_UCD,"GO:MF, GO:CC, GO:BP, HP"
Dog,Canis lupus familiaris,clfamiliaris,CanFam3.1,"GO:MF, GO:CC, GO:BP, KEGG, HP"
Midas cichlid,Amphilophus citrinellus,acitrinellus,Midas_v5,"GO:MF, GO:CC, GO:BP, HP"
Turquoise killifish,Nothobranchius furzeri,nfurzeri,Nfu_20140520,"GO:MF, GO:CC, GO:BP, HP"
Squirrel,Ictidomys tridecemlineatus,itridecemlineatus,SpeTri2.0,"GO:MF, GO:CC, GO:BP, HP"
Asian bonytongue,Scleropages formosus,sformosus,fSclFor1.1,"GO:MF, GO:CC, GO:BP, KEGG, HP"
Human,Homo sapiens,hsapiens,GRCh38.p13,"GO:MF, GO:CC, GO:BP, KEGG, REAC, TF, MIRNA, HPA, CORUM, HP, WP"
Atlantic salmon,Salmo salar,ssalar,ICSASG_v2,"GO:MF, GO:CC, GO:BP, KEGG, HP"
Macaque,Macaca mulatta,mmulatta,Mmul_10,"GO:MF, GO:CC, GO:BP, KEGG, HP"
Ballan wrasse,Labrus bergylta,lbergylta,BallGen_V1,"GO:MF, GO:CC, GO:BP, HP"
Greater horseshoe bat,Rhinolophus ferrumequinum,rferrumequinum,mRhiFer1_v1.p,"GO:MF, GO:CC, GO:BP, HP"
Mouse Lemur,Microcebus murinus,mmurinus,Mmur_3.0,"GO:MF, GO:CC, GO:BP, HP"
Dolphin,Tursiops truncatus,ttruncatus,turTru1,"GO:MF, GO:CC, GO:BP, HP"
Green anole,Anolis carolinensis,acarolinensis,AnoCar2.0v2,"GO:MF, GO:CC, GO:BP, KEGG, HP"
Bolivian squirrel monkey,Saimiri boliviensis boliviensis,sbboliviensis,SaiBol1.0,"GO:MF, GO:CC, GO:BP, KEGG, HP"
C.savignyi,Ciona savignyi,csavignyi,CSAV 2.0,"GO:MF, GO:CC, GO:BP, HP"
Red fox,Vulpes vulpes,vvulpes,VulVul2.2,"GO:MF, GO:CC, GO:BP, KEGG, HP"
Orange clownfish,Amphiprion percula,apercula,Nemo_v1,"GO:MF, GO:CC, GO:BP, HP"
Climbing perch,Anabas testudineus,atestudineus,fAnaTes1.2,"GO:MF, GO:CC, GO:BP, HP"
Tarsier,Carlito syrichta,csyrichta,Tarsius_syrichta-2.0.1,"GO:MF, GO:CC, GO:BP, HP"
Eurasian red squirrel,Sciurus vulgaris,svulgaris,mSciVul1.1,"GO:MF, GO:CC, GO:BP, HP"
Coquerel's sifaka,Propithecus coquereli,pcoquereli,Pcoq_1.0,"GO:MF, GO:CC, GO:BP, HP"
Goat,Capra hircus,chircus,ARS1,"GO:MF, GO:CC, GO:BP, KEGG, HP"
Arabian camel,Camelus dromedarius,cdromedarius,CamDro2,"GO:MF, GO:CC, GO:BP, KEGG, HP"
Lyretail cichlid,Neolamprologus brichardi,nbrichardi,NeoBri1.0,"GO:MF, GO:CC, GO:BP, HP"
Upper Galilee mountains blind mole rat,Nannospalax galili,ngalili,S.galili_v1.0,"GO:MF, GO:CC, GO:BP, KEGG, HP"
Tongue sole,Cynoglossus semilaevis,csemilaevis,Cse_v1.0,"GO:MF, GO:CC, GO:BP, KEGG, HP"
Shrew mouse,Mus pahari,mpahari,PAHARI_EIJ_v1.1,"GO:MF, GO:CC, GO:BP, KEGG, HP"
Tuatara,Sphenodon punctatus,spunctatus,ASM311381v1,"GO:MF, GO:CC, GO:BP, HP"
Pig,Sus scrofa,sscrofa,Sscrofa11.1,"GO:MF, GO:CC, GO:BP, KEGG, REAC, MIRNA, HP, WP"
Yellowtail amberjack,Seriola lalandi dorsalis,sldorsalis,Sedor1,"GO:MF, GO:CC, GO:BP, KEGG, HP"
Burton's mouthbrooder,Haplochromis burtoni,hburtoni,AstBur1.0,"GO:MF, GO:CC, GO:BP, HP"
Great Tit,Parus major,pmajor,Parus_major1.1,"GO:MF, GO:CC, GO:BP, HP"
Common wombat,Vombatus ursinus,vursinus,bare-nosed_wombat_genome_assembly,"GO:MF, GO:CC, GO:BP, HP"
Chinese medaka,Oryzias sinensis,osinensis,ASM858656v1,"GO:MF, GO:CC, GO:BP, HP"
Siamese fighting fish,Betta splendens,bsplendens,fBetSpl5.2,"GO:MF, GO:CC, GO:BP, HP"
Eastern happy,Astatotilapia calliptera,acalliptera,fAstCal1.2,"GO:MF, GO:CC, GO:BP, HP"
Northern pike,Esox lucius,elucius,Eluc_v4,"GO:MF, GO:CC, GO:BP, KEGG, HP"
Japanese medaka HdrR,Oryzias latipes,olatipes,ASM223467v1,"GO:MF, GO:CC, GO:BP, KEGG, MIRNA, HP"
Kangaroo rat,Dipodomys ordii,dordii,Dord_2.0,"GO:MF, GO:CC, GO:BP, HP"
Common wall lizard,Podarcis muralis,pmuralis,PodMur_1.0,"GO:MF, GO:CC, GO:BP, HP"
Duck,Anas platyrhynchos platyrhynchos,applatyrhynchos,CAU_duck1.0,"GO:MF, GO:CC, GO:BP, HP"
Lumpfish,Cyclopterus lumpus,clumpus,fCycLum1.pri,"GO:MF, GO:CC, GO:BP, HP"
Wallaby,Notamacropus eugenii,neugenii,Meug_1.0,"GO:MF, GO:CC, GO:BP, HP"
Chinese hamster CHOK1GS,Cricetulus griseus,cgchok1gshd,CHOK1GS_HDv1,"GO:MF, GO:CC, GO:BP, KEGG, HP"
Pink-footed goose,Anser brachyrhynchus,abrachyrhynchus,ASM259213v1,"GO:MF, GO:CC, GO:BP, HP"
Tropical clawed frog,Xenopus tropicalis,xtropicalis,Xenopus_tropicalis_v9.1,"GO:MF, GO:CC, GO:BP, KEGG, REAC, MIRNA, HP"
Tiger tail seahorse,Hippocampus comes,hcomes,H_comes_QL1_v1,"GO:MF, GO:CC, GO:BP, KEGG, HP"
Chicken,Gallus gallus,ggallus,GRCg6a,"GO:MF, GO:CC, GO:BP, KEGG, REAC, TF, MIRNA, HP, WP"
Goodes thornscrub tortoise,Gopherus evgoodei,gevgoodei,rGopEvg1_v1.p,"GO:MF, GO:CC, GO:BP, HP"
Coelacanth,Latimeria chalumnae,lchalumnae,LatCha1,"GO:MF, GO:CC, GO:BP, KEGG, HP"
Indian cobra,Naja naja,nnaja,Nana_v5,"GO:MF, GO:CC, GO:BP, HP"
Capuchin,Cebus imitator,ccapucinus,Cebus_imitator-1.0,"GO:MF, GO:CC, GO:BP"
Gilthead seabream,Sparus aurata,saurata,fSpaAur1.1,"GO:MF, GO:CC, GO:BP, HP"
Blue whale,Balaenoptera musculus,bmusculus,mBalMus1.v2,"GO:MF, GO:CC, GO:BP, HP"
Tree Shrew,Tupaia belangeri,tbelangeri,tupBel1,"GO:MF, GO:CC, GO:BP, HP"
Hyrax,Procavia capensis,pcapensis,proCap1,"GO:MF, GO:CC, GO:BP, HP"
Black snub-nosed monkey,Rhinopithecus bieti,rbieti,ASM169854v1,"GO:MF, GO:CC, GO:BP, KEGG, HP"
Golden eagle,Aquila chrysaetos chrysaetos,acchrysaetos,bAquChr1.2,"GO:MF, GO:CC, GO:BP, HP"
Reedfish,Erpetoichthys calabaricus,ecalabaricus,fErpCal1.1,"GO:MF, GO:CC, GO:BP, HP"
Vaquita,Phocoena sinus,psinus,mPhoSin1.pri,"GO:MF, GO:CC, GO:BP, HP"
Naked mole-rat female,Heterocephalus glaber,hgfemale,HetGla_female_1.0,"GO:MF, GO:CC, GO:BP, KEGG, HP"
Lamprey,Petromyzon marinus,pmarinus,Pmarinus_7.0,"GO:MF, GO:CC, GO:BP, HP"
American bison,Bison bison bison,bbbison,Bison_UMD1.0,"GO:MF, GO:CC, GO:BP, HP"
Barramundi perch,Lates calcarifer,lcalcarifer,ASB_HGAPassembly_v1,"GO:MF, GO:CC, GO:BP, KEGG, HP"
Sooty mangabey,Cercocebus atys,catys,Caty_1.0,"GO:MF, GO:CC, GO:BP, HP"
Leishan spiny toad,Leptobrachium leishanense,lleishanense,ASM966780v1,"GO:MF, GO:CC, GO:BP, HP"
Gorilla,Gorilla gorilla gorilla,ggorilla,gorGor4,"GO:MF, GO:CC, GO:BP, KEGG, HP"
Zebra mbuna,Maylandia zebra,mzebra,M_zebra_UMD2a,"GO:MF, GO:CC, GO:BP, KEGG, HP"
Zebra finch,Taeniopygia guttata,tguttata,bTaeGut1_v1.p,"GO:MF, GO:CC, GO:BP, KEGG, MIRNA, HP"
Painted turtle,Chrysemys picta bellii,cpbellii,Chrysemys_picta_bellii-3.0.3,"GO:MF, GO:CC, GO:BP, KEGG, HP"
Hedgehog,Erinaceus europaeus,eeuropaeus,eriEur1,"GO:MF, GO:CC, GO:BP, HP"
Australian saltwater crocodile,Crocodylus porosus,cporosus,CroPor_comp1,"GO:MF, GO:CC, GO:BP, HP"
Three-toed box turtle,Terrapene carolina triunguis,tctriunguis,T_m_triunguis-2.0,"GO:MF, GO:CC, GO:BP, HP"
Pika,Ochotona princeps,oprinceps,OchPri2.0-Ens,"GO:MF, GO:CC, GO:BP, HP"
Orangutan,Pongo abelii,pabelii,PPYG2,"GO:MF, GO:CC, GO:BP, KEGG, HP"
Gibbon,Nomascus leucogenys,nleucogenys,Nleu_3.0,"GO:MF, GO:CC, GO:BP, KEGG, HP"
Javanese ricefish,Oryzias javanicus,ojavanicus,OJAV_1.1,"GO:MF, GO:CC, GO:BP, HP"
Huchen,Hucho hucho,hhucho,ASM331708v1,"GO:MF, GO:CC, GO:BP, HP"
Arctic ground squirrel,Urocitellus parryii,uparryii,ASM342692v1,"GO:MF, GO:CC, GO:BP, HP"
Ma's night monkey,Aotus nancymaae,anancymaae,Anan_2.0,"GO:MF, GO:CC, GO:BP, HP"
American black bear,Ursus americanus,uamericanus,ASM334442v1,"GO:MF, GO:CC, GO:BP, HP"
Prairie vole,Microtus ochrogaster,mochrogaster,MicOch1.0,"GO:MF, GO:CC, GO:BP, HP"
Lesser hedgehog tenrec,Echinops telfairi,etelfairi,TENREC,"GO:MF, GO:CC, GO:BP, HP"
Hybrid - Bos Indicus,Bos indicus x Bos taurus,bihybrid,UOA_Brahman_1,"GO:MF, GO:CC, GO:BP, HP"
Alpine marmot,Marmota marmota marmota,mmmarmota,marMar2.1,"GO:MF, GO:CC, GO:BP, HP"
Elephant shark,Callorhinchus milii,cmilii,Callorhinchus_milii-6.1.3,"GO:MF, GO:CC, GO:BP, HP"
Narwhal,Monodon monoceros,mmonoceros,NGI_Narwhal_1,"GO:MF, GO:CC, GO:BP, HP"
Sheepshead minnow,Cyprinodon variegatus,cvariegatus,C_variegatus-1.0,"GO:MF, GO:CC, GO:BP, KEGG, HP"
Guinea Pig,Cavia porcellus,cporcellus,Cavpor3.0,"GO:MF, GO:CC, GO:BP, HP"
Indian medaka,Oryzias melastigma,omelastigma,Om_v0.7.RACA,"GO:MF, GO:CC, GO:BP, HP"
Common canary,Serinus canaria,scanaria,SCA1,"GO:MF, GO:CC, GO:BP, KEGG, HP"
Leopard,Panthera pardus,ppardus,PanPar1.0,"GO:MF, GO:CC, GO:BP, KEGG, HP"
Beluga whale,Delphinapterus leucas,dleucas,ASM228892v3,"GO:MF, GO:CC, GO:BP, HP"
Caenorhabditis elegans,Caenorhabditis elegans,celegans,WBcel235,"GO:MF, GO:CC, GO:BP, KEGG, TF, MIRNA, HP, WP"
Golden-line barbel,Sinocyclocheilus grahami,sgrahami,SAMN03320097.WGS_v1.1,"GO:MF, GO:CC, GO:BP, HP"
American mink,Neovison vison,nvison,NNQGG.v01,"GO:MF, GO:CC, GO:BP, HP"
Shrew,Sorex araneus,saraneus,sorAra1,"GO:MF, GO:CC, GO:BP, HP"
Turbot,Scophthalmus maximus,smaximus,ASM1334776v1,"GO:MF, GO:CC, GO:BP, HP"
Brown trout,Salmo trutta,strutta,fSalTru1.1,"GO:MF, GO:CC, GO:BP, HP"
Chinese softshell turtle,Pelodiscus sinensis,psinensis,PelSin_1.0,"GO:MF, GO:CC, GO:BP, KEGG, HP"
Hagfish,Eptatretus burgeri,eburgeri,Eburgeri_3.2,"GO:MF, GO:CC, GO:BP, HP"
Tiger,Panthera tigris altaica,ptaltaica,PanTig1.0,"GO:MF, GO:CC, GO:BP, KEGG, HP"
Chacoan peccary,Catagonus wagneri,cwagneri,CatWag_v2_BIUU_UCD,"GO:MF, GO:CC, GO:BP, HP"
Giant panda,Ailuropoda melanoleuca,amelanoleuca,ASM200744v2,"GO:MF, GO:CC, GO:BP, KEGG, HP"
Greater amberjack,Seriola dumerili,sdumerili,Sdu_1.0,"GO:MF, GO:CC, GO:BP, KEGG, HP"
Mallard,Anas platyrhynchos,aplatyrhynchos,ASM874695v1,"GO:MF, GO:CC, GO:BP, KEGG"
Sperm whale,Physeter catodon,pcatodon,ASM283717v2,"GO:MF, GO:CC, GO:BP, HP"
Atlantic herring,Clupea harengus,charengus,Ch_v2.0.2,"GO:MF, GO:CC, GO:BP, HP"
Eastern brown snake,Pseudonaja textilis,ptextilis,EBS10Xv2-PRI,"GO:MF, GO:CC, GO:BP, HP"
Donkey,Equus asinus asinus,eaasinus,ASM303372v1,"GO:MF, GO:CC, GO:BP, HP"
Goldfish,Carassius auratus,cauratus,ASM336829v1,"GO:MF, GO:CC, GO:BP, HP"
Channel catfish,Ictalurus punctatus,ipunctatus,IpCoco_1.2,"GO:MF, GO:CC, GO:BP, KEGG, HP"
Large yellow croaker,Larimichthys crocea,lcrocea,L_crocea_2.0,"GO:MF, GO:CC, GO:BP, KEGG, HP"
Paramormyrops kingsleyae,Paramormyrops kingsleyae,pkingsleyae,PKINGS_0.1,"GO:MF, GO:CC, GO:BP, HP"
Bonobo,Pan paniscus,ppaniscus,panpan1.1,"GO:MF, GO:CC, GO:BP, KEGG, HP"
Alpaca,Vicugna pacos,vpacos,vicPac1,"GO:MF, GO:CC, GO:BP, HP"
Yarkand deer,Cervus hanglu yarkandensis,chyarkandensis,CEY_v1,"GO:MF, GO:CC, GO:BP, HP"
Chinook salmon,Oncorhynchus tshawytscha,otshawytscha,Otsh_v1.0,"GO:MF, GO:CC, GO:BP, HP"
Vervet-AGM,Chlorocebus sabaeus,csabaeus,ChlSab1.1,"GO:MF, GO:CC, GO:BP, KEGG, HP"
C.intestinalis,Ciona intestinalis,cintestinalis,KH,"GO:MF, GO:CC, GO:BP, KEGG, HP"
Spiny chromis,Acanthochromis polyacanthus,apolyacanthus,ASM210954v1,"GO:MF, GO:CC, GO:BP, HP"
Crab-eating macaque,Macaca fascicularis,mfascicularis,Macaca_fascicularis_6.0,"GO:MF, GO:CC, GO:BP, KEGG, HP"
Medium ground-finch,Geospiza fortis,gfortis,GeoFor_1.0,"GO:MF, GO:CC, GO:BP, HP"
Argentine black and white tegu,Salvator merianae,smerianae,HLtupMer3,"GO:MF, GO:CC, GO:BP, HP"
Chimpanzee,Pan troglodytes,ptroglodytes,Pan_tro_3.0,"GO:MF, GO:CC, GO:BP, KEGG, TF, HP, WP"
Kakapo,Strigops habroptila,shabroptila,bStrHab1_v1.p,"GO:MF, GO:CC, GO:BP, HP"
Greater bamboo lemur,Prolemur simus,psimus,Prosim_1.0,"GO:MF, GO:CC, GO:BP, HP"
Cow,Bos taurus,btaurus,ARS-UCD1.2,"GO:MF, GO:CC, GO:BP, KEGG, REAC, MIRNA, CORUM, HP, WP"
Saccharomyces cerevisiae,Saccharomyces cerevisiae,scerevisiae,R64-1-1,"GO:MF, GO:CC, GO:BP, KEGG, TF, HP, WP"
Pike-perch,Sander lucioperca,slucioperca,SLUC_FBN_1,"GO:MF, GO:CC, GO:BP, HP"
Clown anemonefish,Amphiprion ocellaris,aocellaris,AmpOce1.0,"GO:MF, GO:CC, GO:BP, HP"
Sheep (texel),Ovis aries,oaries,Oar_v3.1,"GO:MF, GO:CC, GO:BP, KEGG, MIRNA"
European seabass,Dicentrarchus labrax,dlabrax,seabass_V1.0,"GO:MF, GO:CC, GO:BP, HP"
Golden Hamster,Mesocricetus auratus,mauratus,MesAur1.0,"GO:MF, GO:CC, GO:BP, HP"
Northern American deer mouse,Peromyscus maniculatus bairdii,pmbairdii,HU_Pman_2.1,"GO:MF, GO:CC, GO:BP, HP"
Domestic yak,Bos grunniens,bgrunniens,LU_Bosgru_v3.0,"GO:MF, GO:CC, GO:BP, HP"
Blue-ringed sea krait,Laticauda laticaudata,llaticaudata,latLat_1.0,"GO:MF, GO:CC, GO:BP, HP"
Golden snub-nosed monkey,Rhinopithecus roxellana,rroxellana,Rrox_v1,"GO:MF, GO:CC, GO:BP, KEGG, HP"
Mummichog,Fundulus heteroclitus,fheteroclitus,Fundulus_heteroclitus-3.0.2,"GO:MF, GO:CC, GO:BP, HP"
Fugu,Takifugu rubripes,trubripes,fTakRub1.2,"GO:MF, GO:CC, GO:BP, KEGG, HP"
Channel bull blenny,Cottoperca gobio,cgobio,fCotGob3.1,"GO:MF, GO:CC, GO:BP, HP"
Mangrove rivulus,Kryptolebias marmoratus,kmarmoratus,ASM164957v1,"GO:MF, GO:CC, GO:BP, HP"
Spotted gar,Lepisosteus oculatus,loculatus,LepOcu1,"GO:MF, GO:CC, GO:BP, HP"
Common carp,Cyprinus carpio,ccarpio,common_carp_genome,"GO:MF, GO:CC, GO:BP, KEGG, HP"
Cat,Felis catus,fcatus,Felis_catus_9.0,"GO:MF, GO:CC, GO:BP, KEGG, HP"
Tetraodon,Tetraodon nigroviridis,tnigroviridis,TETRAODON 8.0,"GO:MF, GO:CC, GO:BP, KEGG, HP"
Polar bear,Ursus maritimus,umaritimus,UrsMar_1.0,"GO:MF, GO:CC, GO:BP, KEGG, HP"
Platyfish,Xiphophorus maculatus,xmaculatus,X_maculatus-5.0-male,"GO:MF, GO:CC, GO:BP, HP"
Pig-tailed macaque,Macaca nemestrina,mnemestrina,Mnem_1.0,"GO:MF, GO:CC, GO:BP, HP"
Bushbaby,Otolemur garnettii,ogarnettii,OtoGar3,"GO:MF, GO:CC, GO:BP, HP"
Turkey,Meleagris gallopavo,mgallopavo,Turkey_5.1,"GO:MF, GO:CC, GO:BP, KEGG, HP"
Amazon molly,Poecilia formosa,pformosa,Poecilia_formosa-5.1.2,"GO:MF, GO:CC, GO:BP, HP"
Rat,Rattus norvegicus,rnorvegicus,Rnor_6.0,"GO:MF, GO:CC, GO:BP, KEGG, REAC, TF, MIRNA, CORUM, HP, WP"
Electric eel,Electrophorus electricus,eelectricus,Ee_SOAP_WITH_SSPACE,"GO:MF, GO:CC, GO:BP, KEGG, HP"
Pinecone soldierfish,Myripristis murdjan,mmurdjan,fMyrMur1.1,"GO:MF, GO:CC, GO:BP, HP"
Guppy,Poecilia reticulata,preticulata,Guppy_female_1.0_MT,"GO:MF, GO:CC, GO:BP, KEGG, HP"
Microbat,Myotis lucifugus,mlucifugus,Myoluc2.0,"GO:MF, GO:CC, GO:BP, HP"
Platypus,Ornithorhynchus anatinus,oanatinus,mOrnAna1.p.v1,"GO:MF, GO:CC, GO:BP, KEGG, HP"
Megabat,Pteropus vampyrus,pvampyrus,pteVam1,"GO:MF, GO:CC, GO:BP, HP"
Algerian mouse,Mus spretus,mspretus,SPRET_EiJ_v1,"GO:MF, GO:CC, GO:BP, HP"
Long-tailed chinchilla,Chinchilla lanigera,clanigera,ChiLan1.0,"GO:MF, GO:CC, GO:BP, HP"
Elephant,Loxodonta africana,lafricana,Loxafr3.0,"GO:MF, GO:CC, GO:BP, KEGG, HP"
Makobe Island cichlid,Pundamilia nyererei,pnyererei,PunNye1.0,"GO:MF, GO:CC, GO:BP, HP"
Coho salmon,Oncorhynchus kisutch,okisutch,Okis_V2,"GO:MF, GO:CC, GO:BP, HP"
Bicolor damselfish,Stegastes partitus,spartitus,Stegastes_partitus-1.0.2,"GO:MF, GO:CC, GO:BP, HP"
Horse,Equus caballus,ecaballus,EquCab3.0,"GO:MF, GO:CC, GO:BP, KEGG, HP, WP"
Olive baboon,Papio anubis,panubis,Panu_3.0,"GO:MF, GO:CC, GO:BP, HP"
Drill,Mandrillus leucophaeus,mleucophaeus,Mleu.le_1.0,"GO:MF, GO:CC, GO:BP, HP"
Japanese quail,Coturnix japonica,cjaponica,Coturnix_japonica_2.0,"GO:MF, GO:CC, GO:BP, KEGG, HP"
Degu,Octodon degus,odegus,OctDeg1.0,"GO:MF, GO:CC, GO:BP, HP"
Drosophila melanogaster,Drosophila melanogaster,dmelanogaster,BDGP6.32,"GO:MF, GO:CC, GO:BP, KEGG, TF, MIRNA, HP, WP"
Atlantic cod,Gadus morhua,gmorhua,gadMor3.0,"GO:MF, GO:CC, GO:BP, HP"
Koala,Phascolarctos cinereus,pcinereus,phaCin_unsw_v4.1,"GO:MF, GO:CC, GO:BP, KEGG, HP"
Red-bellied piranha,Pygocentrus nattereri,pnattereri,Pygocentrus_nattereri-1.0.2,"GO:MF, GO:CC, GO:BP, HP"
Abingdon island giant tortoise,Chelonoidis abingdonii,cabingdonii,ASM359739v1,"GO:MF, GO:CC, GO:BP, HP"
Steppe mouse,Mus spicilegus,mspicilegus,MUSP714,"GO:MF, GO:CC, GO:BP, HP"
Nile tilapia,Oreochromis niloticus,oniloticus,O_niloticus_UMD_NMBU,"GO:MF, GO:CC, GO:BP, KEGG, HP"
Stickleback,Gasterosteus aculeatus,gaculeatus,BROAD S1,"GO:MF, GO:CC, GO:BP, HP"
Tasmanian devil,Sarcophilus harrisii,sharrisii,mSarHar1.11,"GO:MF, GO:CC, GO:BP, KEGG, HP"
Zig-zag eel,Mastacembelus armatus,marmatus,fMasArm1.2,"GO:MF, GO:CC, GO:BP, HP"
Armadillo,Dasypus novemcinctus,dnovemcinctus,Dasnov3.0,"GO:MF, GO:CC, GO:BP, HP"
Ferret,Mustela putorius furo,mpfuro,MusPutFur1.0,"GO:MF, GO:CC, GO:BP, HP"
Denticle herring,Denticeps clupeoides,dclupeoides,fDenClu1.1,"GO:MF, GO:CC, GO:BP, HP"
Lion,Panthera leo,pleo,PanLeo1.0,"GO:MF, GO:CC, GO:BP, HP"
Mainland tiger snake,Notechis scutatus,nscutatus,TS10Xv2-PRI,"GO:MF, GO:CC, GO:BP, HP"
Opossum,Monodelphis domestica,mdomestica,ASM229v1,"GO:MF, GO:CC, GO:BP, KEGG, HP"
Mouse,Mus musculus,mmusculus,GRCm39,"GO:MF, GO:CC, GO:BP, KEGG, REAC, TF, MIRNA, CORUM, HP, WP"
Yarrowia lipolytica,Yarrowia lipolytica CLIB122,ylipolytica,ASM252v1,"GO:MF, GO:CC, GO:BP, KEGG"
Colletotrichum orbiculare,Colletotrichum orbiculare MAFF 240422,corbiculare,Corbiculare240422v01,"GO:MF, GO:CC, GO:BP"
Beauveria bassiana,Beauveria bassiana,bbassiana,ASM168263v1,"GO:MF, GO:CC, GO:BP"
Aspergillus fumigatus A1163,Aspergillus fumigatus A1163,afumigatusa1163,ASM15014v1,"GO:MF, GO:CC, GO:BP"
Aspergillus niger,Aspergillus niger,aniger,ASM285v2,"GO:MF, GO:CC, GO:BP"
Dothistroma septosporum,Dothistroma septosporum NZE10,dseptosporum,Dothistroma septosporum NZE10 v1.0,"GO:MF, GO:CC, GO:BP"
Aspergillus nidulans,Aspergillus nidulans FGSC A4,anidulans,ASM1142v1,"GO:MF, GO:CC, GO:BP, KEGG"
Schizosaccharomyces japonicus,Schizosaccharomyces japonicus yFS275,sjaponicus,SJ5,"GO:MF, GO:CC, GO:BP"
Aspergillus fischeri NRRL 181,Aspergillus fischeri NRRL 181,nfischeri,ASM14964v1,"GO:MF, GO:CC, GO:BP, KEGG"
Puccinia graminis,Puccinia graminis f. sp. tritici CRL 75-36-700-3,pgraminis,ASM14992v1,"GO:MF, GO:CC, GO:BP, KEGG"
Fusarium solani,Fusarium vanettenii 77-13-4,fsolani,v2.0,"GO:MF, GO:CC, GO:BP, KEGG"
Microbotryum violaceum,Microbotryum lychnidis-dioicae p1A1 Lamole,mviolaceum,M_violaceum_V1,"GO:MF, GO:CC, GO:BP"
Komagataella pastoris,Komagataella phaffii GS115,kpastoris,ASM2700v1,"GO:MF, GO:CC, GO:BP, KEGG"
Cryptococcus neoformans var. neoformans JEC21,Cryptococcus neoformans var. neoformans JEC21,cneoformans,ASM9104v1,"GO:MF, GO:CC, GO:BP, KEGG"
Colletotrichum higginsianum,Colletotrichum higginsianum,chigginsianum,ASM31379v2,"GO:MF, GO:CC, GO:BP"
Blumeria graminis,Blumeria graminis f. sp. hordei DH14,bgraminis,EF2,"GO:MF, GO:CC, GO:BP"
Puccinia graminis Ug99,Puccinia graminis f. sp. tritici 04KEN156/4,pgraminisug99,v1,"GO:MF, GO:CC, GO:BP"
Neurospora crassa,Neurospora crassa OR74A,ncrassa,NC12,"GO:MF, GO:CC, GO:BP, KEGG"
Schizosaccharomyces pombe,Schizosaccharomyces pombe 972h-,spombe,ASM294v2,"GO:MF, GO:CC, GO:BP, KEGG"
Tuber melanosporum,Tuber melanosporum Mel28,tmelanosporum,ASM15164v1,"GO:MF, GO:CC, GO:BP, KEGG"
Aspergillus terreus NIH2624,Aspergillus terreus NIH2624,aterreus,ASM14961v1,"GO:MF, GO:CC, GO:BP"
Fusarium fujikuroi,Fusarium fujikuroi,ffujikuroi,EF 1,"GO:MF, GO:CC, GO:BP"
Phaeosphaeria nodorum,Parastagonospora nodorum SN15,pnodorum,ASM14691v1,"GO:MF, GO:CC, GO:BP, KEGG"
Aspergillus oryzae RIB40,Aspergillus oryzae RIB40,aoryzae,ASM18445v3,"GO:MF, GO:CC, GO:BP, KEGG"
Puccinia striiformis f. sp. tritici PST-130 str. Race 130,Puccinia striiformis f. sp. tritici PST-130,pstriiformis,PST-130_1.0,"GO:MF, GO:CC, GO:BP"
Pyrenophora teres,Pyrenophora teres f. teres 0-1,pteres,PyrTer_1.0,"GO:MF, GO:CC, GO:BP, KEGG"
Verticillium dahliae,Verticillium dahliae VdLs.17,vdahliae,ASM15067v2,"GO:MF, GO:CC, GO:BP, KEGG"
Sporisorium reilianum,Sporisorium reilianum SRZ2,sreilianum,ASM23024v1,"GO:MF, GO:CC, GO:BP"
Trichoderma virens,Trichoderma virens Gv29-8,tvirens,ASM17099v1,"GO:MF, GO:CC, GO:BP"
Schizosaccharomyces octosporus,Schizosaccharomyces octosporus yFS286,soctosporus,SO6,"GO:MF, GO:CC, GO:BP"
Colletotrichum graminicola,Colletotrichum graminicola M1.001,cgraminicola,C_graminicola_M1_001_V1,"GO:MF, GO:CC, GO:BP"
Fusarium verticillioides,Fusarium verticillioides 7600,fverticillioides,ASM14955v1,"GO:MF, GO:CC, GO:BP, KEGG"
Aspergillus clavatus NRRL 1,Aspergillus clavatus NRRL 1,aclavatus,ASM271v1,"GO:MF, GO:CC, GO:BP, KEGG"
Ustilago maydis,Ustilago maydis 521,umaydis,Umaydis521_2.0,"GO:MF, GO:CC, GO:BP, KEGG"
Zymoseptoria tritici,Zymoseptoria tritici IPO323,ztritici,MG2,"GO:MF, GO:CC, GO:BP, KEGG"
Aspergillus flavus NRRL3357,Aspergillus flavus NRRL3357,aflavus,JCVI-afl1-v2.0,"GO:MF, GO:CC, GO:BP, KEGG"
Leptosphaeria maculans,Leptosphaeria maculans JN3,lmaculans,ASM23037v1,"GO:MF, GO:CC, GO:BP"
Trichoderma reesei,Trichoderma reesei QM6a,treesei,v2.0,"GO:MF, GO:CC, GO:BP, KEGG"
Schizosaccharomyces cryophilus,Schizosaccharomyces cryophilus OY26,scryophilus,SCY4,"GO:MF, GO:CC, GO:BP"
Gaeumannomyces tritici R3-111a-1,Gaeumannomyces tritici R3-111a-1,ggraminis,Gae_graminis_V2,"GO:MF, GO:CC, GO:BP"
Aspergillus fumigatus Af293,Aspergillus fumigatus Af293,afumigatus,ASM265v1,"GO:MF, GO:CC, GO:BP, KEGG"
Pyrenophora tritici-repentis Pt-1C-BFP,Pyrenophora tritici-repentis Pt-1C-BFP,ptriticirepentis,ASM14998v1,"GO:MF, GO:CC, GO:BP"
Melampsora larici-populina,Melampsora larici-populina 98AG31,mlaricipopulina,v1.0,"GO:MF, GO:CC, GO:BP, KEGG"
Fusarium oxysporum,Fusarium oxysporum f. sp. lycopersici 4287,foxysporum,FO2,"GO:MF, GO:CC, GO:BP, KEGG"
Botrytis cinerea B05.10,Botrytis cinerea B05.10,bcinerea,ASM83294v1,"GO:MF, GO:CC, GO:BP, KEGG"
Magnaporthe poae,Magnaporthiopsis poae ATCC 64411,mpoae,Mag_poae_ATCC_64411_V1,"GO:MF, GO:CC, GO:BP"
Fusarium pseudograminearum,Fusarium pseudograminearum CS3096,fpseudograminearum,FP7,"GO:MF, GO:CC, GO:BP, KEGG"
Fusarium graminearum str. PH-1,Fusarium graminearum,fgraminearum,RR 1,"GO:MF, GO:CC, GO:BP"
Ashbya gossypii,Eremothecium gossypii ATCC 10895,agossypii,ASM9102v1,"GO:MF, GO:CC, GO:BP, KEGG"
Sclerotinia sclerotiorum,Sclerotinia sclerotiorum 1980 UF-70,ssclerotiorum,ASM14694v1,"GO:MF, GO:CC, GO:BP, KEGG"
Verticillium dahliae JR2,Verticillium dahliae JR2,vdahliaejr2,VDAG_JR2v.4.0,"GO:MF, GO:CC, GO:BP"
Colletotrichum gloeosporioides,Colletotrichum fructicola Nara gc5,cgloeosporioides,Colletotrichum gloeosporioides Nara gc-5,"GO:MF, GO:CC, GO:BP"
Puccinia triticina,Puccinia triticina 1-1 BBBD Race 1,ptriticina,ASM15152v1,"GO:MF, GO:CC, GO:BP"
Fusarium culmorum UK99,Fusarium culmorum CS7071,fculmorum,EF 1,"GO:MF, GO:CC, GO:BP"
Magnaporthe oryzae,Pyricularia oryzae 70-15,moryzae,MG8,"GO:MF, GO:CC, GO:BP, KEGG"
Caenorhabditis briggsae,Caenorhabditis briggsae,cbriggsae,CB4,"GO:MF, GO:CC, GO:BP, KEGG"
Glossina brevipalpis,Glossina brevipalpis,gbrevipalpis,GbreI1,"GO:MF, GO:CC, GO:BP"
Aedes albopictus,Aedes albopictus,aalbopictus,AaloF1,"GO:MF, GO:CC, GO:BP, KEGG"
Adineta vaga,Adineta vaga,avaga,AMS_PRJEB1171_v1,"GO:MF, GO:CC, GO:BP"
Pristionchus pacificus,Pristionchus pacificus,ppacificus,El_Paco,"GO:MF, GO:CC, GO:BP"
Schistosoma mansoni,Schistosoma mansoni,smansoni,ASM23792v2,"GO:MF, GO:CC, GO:BP, KEGG"
Drosophila virilis (TSC#15010-1051.87),Drosophila virilis,dvirilis,dvir_caf1,"GO:MF, GO:CC, GO:BP, KEGG"
Anopheles darlingi,Anopheles darlingi,adarlingi,AdarC3,"GO:MF, GO:CC, GO:BP"
Bemisia tabaci (ASIAII-5),Bemisia tabaci,btasiaii5,ASIAII5_n227_616Mb,"GO:MF, GO:CC, GO:BP"
Strongyloides ratti,Strongyloides ratti,sratti,S_ratti_ED321_v5_0_4,"GO:MF, GO:CC, GO:BP"
Anopheles sinensis (China),Anopheles sinensis,aschina,AsinC2,"GO:MF, GO:CC, GO:BP"
Drosophila grimshawi (TSC#15287-2541.00),Drosophila grimshawi,dgrimshawi,dgri_caf1,"GO:MF, GO:CC, GO:BP, KEGG"
Glossina palpalis,Glossina palpalis gambiensis,gpalpalis,GpapI1,"GO:MF, GO:CC, GO:BP"
Atta cephalotes,Atta cephalotes,acephalotes,Attacep1.0,"GO:MF, GO:CC, GO:BP, KEGG"
Solenopsis invicta,Solenopsis invicta,sinvicta,Si_gnH,"GO:MF, GO:CC, GO:BP, KEGG"
Strongylocentrotus purpuratus (Spur 01),Strongylocentrotus purpuratus,spurpuratus,Spur_5.0,"GO:MF, GO:CC, GO:BP, KEGG"
Drosophila ananassae (TSC#14024-0371.13),Drosophila ananassae,dananassae,dana_caf1,"GO:MF, GO:CC, GO:BP, KEGG"
Bemisia tabaci (SSA3 NG),Bemisia tabaci,btssa3nig,SSA3_Nigeria_2278n_648mb,"GO:MF, GO:CC, GO:BP"
Lepeophtheirus salmonis,Lepeophtheirus salmonis,lsalmonis,LSalAtl2s,"GO:MF, GO:CC, GO:BP"
Biomphalaria glabrata,Biomphalaria glabrata,bglabrata,BglaB1,"GO:MF, GO:CC, GO:BP"
Apis mellifera (DH4),Apis mellifera,amellifera,Amel_HAv3.1,"GO:MF, GO:CC, GO:BP, KEGG"
Mnemiopsis leidyi,Mnemiopsis leidyi,mleidyi,MneLei_Aug2011,"GO:MF, GO:CC, GO:BP"
Caenorhabditis remanei,Caenorhabditis remanei,cremanei,C_remanei-15.0.1,"GO:MF, GO:CC, GO:BP"
Branchiostoma lanceolatum,Branchiostoma lanceolatum,blanceolatum,BraLan2,"GO:MF, GO:CC, GO:BP"
Drosophila erecta (TSC#14021-0224.01),Drosophila erecta,derecta,dere_caf1,"GO:MF, GO:CC, GO:BP, KEGG"
Megaselia scalaris,Megaselia scalaris,mscalaris,Msca1,"GO:MF, GO:CC, GO:BP"
Drosophila willistoni (TSC#14030-0811.24),Drosophila willistoni,dwillistoni,dwil_caf1,"GO:MF, GO:CC, GO:BP, KEGG"
Anopheles minimus,Anopheles minimus,aminimus,AminM1,"GO:MF, GO:CC, GO:BP"
Loa loa,Loa loa,lloa,Loa_loa_V3,"GO:MF, GO:CC, GO:BP, KEGG"
Strigamia maritima,Strigamia maritima,smaritima,Smar1,"GO:MF, GO:CC, GO:BP"
Dendroctonus ponderosae,Dendroctonus ponderosae,dponderosae,DendPond_male_1.0,"GO:MF, GO:CC, GO:BP, KEGG"
Anopheles melas,Anopheles melas,amelas,AmelC2,"GO:MF, GO:CC, GO:BP"
Trichinella spiralis,Trichinella spiralis,tspiralis,Tspiralis1,"GO:MF, GO:CC, GO:BP, KEGG"
Bombyx mori,Bombyx mori,bmori,ASM15162v1,"GO:MF, GO:CC, GO:BP, KEGG, MIRNA"
Tetranychus urticae,Tetranychus urticae,turticae,ASM23943v1,"GO:MF, GO:CC, GO:BP, KEGG"
Glossina fuscipes fuscipes,Glossina fuscipes fuscipes,gfuscipes,GfusI1,"GO:MF, GO:CC, GO:BP"
Rhodnius prolixus,Rhodnius prolixus,rprolixus,RproC3,"GO:MF, GO:CC, GO:BP"
Drosophila simulans (w501),Drosophila simulans,dsimulans,ASM75419v3,"GO:MF, GO:CC, GO:BP, KEGG"
Anopheles epiroticus,Anopheles epiroticus,aepiroticus,AepiE1,"GO:MF, GO:CC, GO:BP"
Anopheles culicifacies,Anopheles culicifacies,aculicifacies,AculA1,"GO:MF, GO:CC, GO:BP"
Bemisia tabaci (SSA1-SG1 UG),Bemisia tabaci,btssa1ug,SSA1_SG1_Uganda_n955_657Mb,"GO:MF, GO:CC, GO:BP"
Stegodyphus mimosarum,Stegodyphus mimosarum,smimosarum,Stegodyphus_mimosarum_v1,"GO:MF, GO:CC, GO:BP"
Melitaea cinxia,Melitaea cinxia,mcinxia,MelCinx1.0,"GO:MF, GO:CC, GO:BP"
Caenorhabditis brenneri,Caenorhabditis brenneri,cbrenneri,C_brenneri-6.0.1b,"GO:MF, GO:CC, GO:BP"
Aedes aegypti (LVP_AGWG),Aedes aegypti,aalvpagwg,AaegL5,"GO:MF, GO:CC, GO:BP, KEGG"
Ixodes scapularis (ISE6),Ixodes scapularis,isise6,IscaI1,"GO:MF, GO:CC, GO:BP, KEGG"
Amphimedon queenslandica,Amphimedon queenslandica,aqueenslandica,Aqu1,"GO:MF, GO:CC, GO:BP, KEGG"
Anopheles stephensi,Anopheles stephensi,astephensi,AsteS1,"GO:MF, GO:CC, GO:BP"
Onchocerca volvulus,Onchocerca volvulus,ovolvulus,ASM49940v2,"GO:MF, GO:CC, GO:BP"
Anopheles quadriannulatus,Anopheles quadriannulatus,aquadriannulatus,AquaS1,"GO:MF, GO:CC, GO:BP"
Brugia malayi,Brugia malayi,bmalayi,Bmal-4.0,"GO:MF, GO:CC, GO:BP, KEGG"
Capitella teleta,Capitella teleta,cteleta,Capitella teleta v1.0,"GO:MF, GO:CC, GO:BP"
Belgica antarctica,Belgica antarctica,bantarctica,ASM77530v1,"GO:MF, GO:CC, GO:BP"
Anopheles stephensi (Indian),Anopheles stephensi,asindian,AsteI2,"GO:MF, GO:CC, GO:BP"
Danaus plexippus,Danaus plexippus,dplexippus,Dpv3,"GO:MF, GO:CC, GO:BP"
Anopheles funestus,Anopheles funestus,afunestus,AfunF3,"GO:MF, GO:CC, GO:BP"
Drosophila mojavensis (TSC#15081-1352.22),Drosophila mojavensis,dmojavensis,dmoj_caf1,"GO:MF, GO:CC, GO:BP, KEGG"
Anopheles atroparvus,Anopheles atroparvus,aatroparvus,AatrE3,"GO:MF, GO:CC, GO:BP"
Tribolium castaneum,Tribolium castaneum,tcastaneum,Tcas5.2,"GO:MF, GO:CC, GO:BP, KEGG"
Anoplophora glabripennis,Anoplophora glabripennis,aglabripennis,Agla_1.0,"GO:MF, GO:CC, GO:BP"
Anopheles albimanus,Anopheles albimanus,aalbimanus,AalbS2,"GO:MF, GO:CC, GO:BP"
Culex quinquefasciatus,Culex quinquefasciatus,cquinquefasciatus,CpipJ2,"GO:MF, GO:CC, GO:BP, KEGG"
Drosophila persimilis (MSH-3),Drosophila persimilis,dpersimilis,dper_caf1,"GO:MF, GO:CC, GO:BP, KEGG"
Crassostrea gigas,Crassostrea gigas,cgigas,oyster_v9,"GO:MF, GO:CC, GO:BP, KEGG"
Anopheles gambiae,Anopheles gambiae,agambiae,AgamP4,"GO:MF, GO:CC, GO:BP, KEGG, WP"
Bemisia tabaci (SSA2 NG),Bemisia tabaci,btssa2nig,SSA2_Nigeria_n785_625mb,"GO:MF, GO:CC, GO:BP"
Leptotrombidium deliense,Leptotrombidium deliense,ldeliense,LdelU1,"GO:MF, GO:CC, GO:BP"
Daphnia magna,Daphnia magna,dmagna,daphmag2.4,"GO:MF, GO:CC, GO:BP"
Nematostella vectensis,Nematostella vectensis,nvectensis,ASM20922v1,"GO:MF, GO:CC, GO:BP, KEGG"
Drosophila sechellia (Rob3c),Drosophila sechellia,dsechellia,dsec_caf1,"GO:MF, GO:CC, GO:BP, KEGG"
Stomoxys calcitrans,Stomoxys calcitrans,scalcitrans,ScalU1,"GO:MF, GO:CC, GO:BP"
Anopheles maculatus,Anopheles maculatus,amaculatus,AmacM1,"GO:MF, GO:CC, GO:BP"
Bombus terrestris,Bombus terrestris,bterrestris,Bter_1.0,"GO:MF, GO:CC, GO:BP, KEGG"
Octopus bimaculoides,Octopus bimaculoides,obimaculoides,PRJNA270931,"GO:MF, GO:CC, GO:BP, KEGG"
Teleopsis dalmanni,Teleopsis dalmanni,tdalmanni,Tel_dalmanni_2A_v1.0,"GO:MF, GO:CC, GO:BP"
Daphnia pulex,Daphnia pulex,dpulex,V1.0,"GO:MF, GO:CC, GO:BP, KEGG"
Thelohanellus kitauei,Thelohanellus kitauei,tkitauei,ASM82789v1,"GO:MF, GO:CC, GO:BP"
Drosophila yakuba (Tai18E2),Drosophila yakuba,dyakuba,dyak_caf1,"GO:MF, GO:CC, GO:BP, KEGG"
Anopheles coluzzii (Ngousso),Anopheles coluzzii,acngousso,AcolN1,"GO:MF, GO:CC, GO:BP"
Helobdella robusta,Helobdella robusta,hrobusta,Helro1,"GO:MF, GO:CC, GO:BP, KEGG"
Anopheles dirus,Anopheles dirus,adirus,AdirW1,"GO:MF, GO:CC, GO:BP"
Anopheles arabiensis,Anopheles arabiensis,aarabiensis,AaraD1,"GO:MF, GO:CC, GO:BP"
Glossina pallidipes,Glossina pallidipes,gpallidipes,GpalI1,"GO:MF, GO:CC, GO:BP"
Ixodes scapularis,Ixodes scapularis,iscapularis,IscaW1,"GO:MF, GO:CC, GO:BP"
Orchesella cincta,Orchesella cincta,ocincta,ASM171814v1,"GO:MF, GO:CC, GO:BP"
Nasonia vitripennis (AsymCx),Nasonia vitripennis,nvitripennis,Nvit_psr_1.1,"GO:MF, GO:CC, GO:BP, KEGG"
Anopheles merus,Anopheles merus,amerus,AmerM2,"GO:MF, GO:CC, GO:BP"
Dinothrombium tinctorium,Dinothrombium tinctorium,dtinctorium,DtinU1,"GO:MF, GO:CC, GO:BP"
Lottia gigantea,Lottia gigantea,lgigantea,Lotgi1,"GO:MF, GO:CC, GO:BP, KEGG"
Cimex lectularius,Cimex lectularius,clectularius,ClecH1,"GO:MF, GO:CC, GO:BP, KEGG"
Anopheles coluzzii,Anopheles coluzzii,acoluzzii,AcolM1,"GO:MF, GO:CC, GO:BP"
Anopheles sinensis,Anopheles sinensis,asinensis,AsinS2,"GO:MF, GO:CC, GO:BP"
Phlebotomus papatasi,Phlebotomus papatasi,ppapatasi,PpapI1,"GO:MF, GO:CC, GO:BP"
Pediculus humanus,Pediculus humanus corporis,phumanus,PhumU2,"GO:MF, GO:CC, GO:BP, KEGG"
Glossina morsitans,Glossina morsitans morsitans,gmorsitans,GmorY1,"GO:MF, GO:CC, GO:BP"
Hofstenia miamia,Hofstenia miamia,hmiamia,HmiaM1,"GO:MF, GO:CC, GO:BP"
Lucilia cuprina,Lucilia cuprina,lcuprina,ASM118794v1,"GO:MF, GO:CC, GO:BP, KEGG"
Heliconius melpomene,Heliconius melpomene,hmelpomene,Hmel1,"GO:MF, GO:CC, GO:BP"
Bemisia tabaci (SSA1-SG1 NG),Bemisia tabaci,btssa1nig,SSA1SG1_Nigeria_n4493_656Mb,"GO:MF, GO:CC, GO:BP"
Lutzomyia longipalpis,Lutzomyia longipalpis,llongipalpis,LlonJ1,"GO:MF, GO:CC, GO:BP"
Bemisia tabaci (Uganda 1),Bemisia tabaci,btsweetpotug,Uganda1_n5713_630Mb,"GO:MF, GO:CC, GO:BP"
Glossina austeni,Glossina austeni,gausteni,GausT1,"GO:MF, GO:CC, GO:BP"
Culicoides sonorensis,Culicoides sonorensis,csonorensis,Cson1,"GO:MF, GO:CC, GO:BP"
Zootermopsis nevadensis,Zootermopsis nevadensis,znevadensis,ZooNev1.0,"GO:MF, GO:CC, GO:BP, KEGG"
Folsomia candida str. VU population,Folsomia candida,fcandida,ASM221717v1,"GO:MF, GO:CC, GO:BP, KEGG"
Bombus impatiens,Bombus impatiens,bimpatiens,BIMP_2.0,"GO:MF, GO:CC, GO:BP, KEGG"
Sarcoptes scabiei,Sarcoptes scabiei,sscabiei,SscaA1,"GO:MF, GO:CC, GO:BP"
Mayetiola destructor,Mayetiola destructor,mdestructor,Mdes_1.0,"GO:MF, GO:CC, GO:BP"
Anopheles farauti,Anopheles farauti,afarauti,AfarF2,"GO:MF, GO:CC, GO:BP"
Lingula anatina,Lingula anatina,lanatina,LinAna1.0,"GO:MF, GO:CC, GO:BP, KEGG"
Drosophila pseudoobscura pseudoobscura (MV2-25),Drosophila pseudoobscura pseudoobscura,dpseudoobscura,Dpse_3.0,"GO:MF, GO:CC, GO:BP, KEGG"
Trichoplax adhaerens,Trichoplax adhaerens,tadhaerens,ASM15027v1,"GO:MF, GO:CC, GO:BP, KEGG"
Acyrthosiphon pisum,Acyrthosiphon pisum,apisum,Acyr_2.0,"GO:MF, GO:CC, GO:BP, KEGG"
Anopheles christyi,Anopheles christyi,achristyi,AchrA1,"GO:MF, GO:CC, GO:BP"
Mesorhabditis belari (PRJEB30104),Mesorhabditis belari,mebelaprjeb30104,M.Belari Hybrid genome (2019-05-WormBase),"GO:MF, GO:CC, GO:BP"
Heligmosomoides polygyrus (PRJEB1203),Heligmosomoides polygyrus,hepolyprjeb1203,H_bakeri_Edinburgh_0011_upd (2014-06-50HGPpatch),"GO:MF, GO:CC, GO:BP"
Caenorhabditis parvicauda (PRJEB12595),Caenorhabditis sp. 21 LS-2015,caparvprjeb12595,CPARV_v1 (2020-05-WormBase),"GO:MF, GO:CC, GO:BP"
Meloidogyne floridensis (PRJEB6016),Meloidogyne floridensis,meflorprjeb6016,nMf_1_1 (2014-05-WormBase),"GO:MF, GO:CC, GO:BP"
Hymenolepis nana (PRJEB508),Rodentolepis nana,hynanaprjeb508,H_nana_Japan_0011_upd (2014-06-50HGPpatch),"GO:MF, GO:CC, GO:BP"
Necator americanus (PRJNA72135),Necator americanus,neamerprjna72135,N__americanus_v1 (2014-05-WormBase),"GO:MF, GO:CC, GO:BP, KEGG"
Caenorhabditis inopinata (PRJDB5687),Caenorhabditis inopinata,cainopprjdb5687,Sp34_v7 (2018-05-WormBase),"GO:MF, GO:CC, GO:BP"
Steinernema scapterisci (PRJNA204942),Steinernema scapterisci,stscapprjna204942,S_scapt_v1_submitted (2014-12-WormBase),"GO:MF, GO:CC, GO:BP"
Taenia multiceps (PRJNA307624),Taenia multiceps,tamultprjna307624,ASM192302v3 (2018-09-WormBase),"GO:MF, GO:CC, GO:BP"
Diploscapter coronatus (PRJDB3143),Diploscapter coronatus,dicoroprjdb3143,ASM220778v1 (2018-02-WormBase),"GO:MF, GO:CC, GO:BP"
Plectus sambesii (PRJNA390260),Plectus sambesii,plsambprjna390260,Psam_v1.0 (2018-09-WormBase),"GO:MF, GO:CC, GO:BP"
Meloidogyne incognita (PRJEB8714),Meloidogyne incognita,meincoprjeb8714,Meloidogyne_incognita_V3 (2018-05-WormBase),"GO:MF, GO:CC, GO:BP"
Trichinella nativa (PRJNA257433),Trichinella nativa,trnatiprjna257433,T2_ISS10_r1.0 (2016-05-WormBase),"GO:MF, GO:CC, GO:BP"
Schistosoma haematobium (PRJNA78265),Schistosoma haematobium,schaemprjna78265,SchHae_2.0 (2020-04-WormBase),"GO:MF, GO:CC, GO:BP, KEGG"
Schistosoma margrebowiei (PRJEB522),Schistosoma margrebowiei,scmargprjeb522,S_margrebowiei_Zambia_0011_upd (2014-06-50HGPpatch),"GO:MF, GO:CC, GO:BP"
Caenorhabditis elegans (PRJNA13758) [WS276],Caenorhabditis elegans,caelegprjna13758,WBcel235 (WS276),"GO:MF, GO:CC, GO:BP, KEGG"
Ascaris suum (PRJNA80881),Ascaris suum,assuumprjna80881,AscSuum_1.0_submitted (2014-05-WormBase),"GO:MF, GO:CC, GO:BP"
Panagrolaimus es5 (PRJEB32708),Panagrolaimus sp. ES5,paes5prjeb32708,ES5_v2 (2020-03-WormBase),"GO:MF, GO:CC, GO:BP"
Brugia malayi (PRJNA10729) [WS276],Brugia malayi,brmalaprjna10729,Bmal-4.0 (WS276),"GO:MF, GO:CC, GO:BP, KEGG"
Trichuris muris (PRJEB126) [WS276],Trichuris muris,trmuriprjeb126,TMUE3.0 (WS271),"GO:MF, GO:CC, GO:BP"
Schmidtea mediterranea (PRJNA12585),Schmidtea mediterranea,scmediprjna12585,SmedGD_c1.3 (2014-05-WormBase),"GO:MF, GO:CC, GO:BP"
Caenorhabditis latens (PRJNA248912),Caenorhabditis latens,calateprjna248912,CaeLat1.0 (2018-05-WormBase),"GO:MF, GO:CC, GO:BP"
Fasciola gigantica (PRJNA230515),Fasciola gigantica,fagigaprjna230515,F_gigantica_1.0.allpaths (2020-02-WormBase),"GO:MF, GO:CC, GO:BP"
Syphacia muris (PRJEB524),Syphacia muris,symuriprjeb524,S_muris_Valencia_v1_0_4 (2019-01-WormBase),"GO:MF, GO:CC, GO:BP"
Caenorhabditis remanei (PRJNA248909),Caenorhabditis remanei,caremaprjna248909,ASM164373v2 (2018-05-WormBase),"GO:MF, GO:CC, GO:BP"
Pristionchus exspectatus (PRJEB24288),Pristionchus exspectatus,prexspprjeb24288,Pristionchus_exspectatus_de_novo_assembly (2019-01-WormBase),"GO:MF, GO:CC, GO:BP"
Elaeophora elaphi (PRJEB502),Elaeophora elaphi,elelapprjeb502,E_elaphi_v1_0_4 (2014-06-50HGPpatch),"GO:MF, GO:CC, GO:BP"
Trichinella sp. T9 (PRJNA257433),Trichinella sp. T9,trt9prjna257433,T9_ISS409_r1.0 (2016-05-WormBase),"GO:MF, GO:CC, GO:BP"
Parascaris equorum (PRJEB514),Parascaris equorum,paequoprjeb514,P_equorum_v1_0_4 (2014-06-50HGPpatch),"GO:MF, GO:CC, GO:BP"
Echinococcus multilocularis (PRJEB122),Echinococcus multilocularis,ecmultprjeb122,EMULTI002 (2015-12-WormBase),"GO:MF, GO:CC, GO:BP"
Echinococcus granulosus (PRJEB121),Echinococcus granulosus,ecgranprjeb121,EGRAN001 (2014-05-WormBase),"GO:MF, GO:CC, GO:BP, KEGG"
Steinernema monticolum (PRJNA205067),Steinernema monticolum,stmontprjna205067,S_monti_v1_submitted (2014-12-WormBase),"GO:MF, GO:CC, GO:BP"
Schistocephalus solidus (PRJEB527),Schistocephalus solidus,scsoliprjeb527,S_solidus_NST_G2_0011_upd (2014-06-50HGPpatch),"GO:MF, GO:CC, GO:BP"
Caenorhabditis angaria (PRJNA51225),Caenorhabditis angaria,caangaprjna51225,13mar2012 (2012-12-Caltech),"GO:MF, GO:CC, GO:BP"
Hymenolepis diminuta (PRJEB30942),Hymenolepis diminuta,hydimiprjeb30942,H.diminuta_WMSil1 (2020-04-WormBase),"GO:MF, GO:CC, GO:BP"
Brugia timori (PRJEB4663),Brugia timori,brtimoprjeb4663,B_timori_Indonesia_v1_0_4_001_upd (2014-06-50HGPpatch),"GO:MF, GO:CC, GO:BP"
Onchocerca flexuosa (PRJEB512),Onchocerca flexuosa,onflexprjeb512,O_flexuosa_Cordoba_0011_upd (2014-06-50HGPpatch),"GO:MF, GO:CC, GO:BP"
Strongyloides venezuelensis (PRJEB530),Strongyloides venezuelensis,stveneprjeb530,S_venezuelensis_HH1 (2015-05-WormBase),"GO:MF, GO:CC, GO:BP"
Parapristionchus giblindavisi (PRJEB27334),Parapristionchus giblindavisi,pagiblprjeb27334,Parapristionchus_genome (2019-01-WormBase),"GO:MF, GO:CC, GO:BP"
Trichinella spiralis (PRJNA257433),Trichinella spiralis,trspirprjna257433,T1_ISS3_r1.0 (2016-05-WormBase),"GO:MF, GO:CC, GO:BP, KEGG"
Dracunculus medinensis (PRJEB500),Dracunculus medinensis,drmediprjeb500,D_medinensis_Ghana_v2_0_4 (2014-06-50HGPpatch),"GO:MF, GO:CC, GO:BP"
Meloidogyne arenaria (PRJEB8714),Meloidogyne arenaria,mearenprjeb8714,ASM90000398v1 (2018-05-WormBase),"GO:MF, GO:CC, GO:BP"
Haemonchus contortus (PRJEB506),Haemonchus contortus,hacontprjeb506,haemonchus_contortus_MHCO3ISE_4.0 (2020-04-WormBase),"GO:MF, GO:CC, GO:BP"
Soboliphyme baturini (PRJEB516),Soboliphyme baturini,sobatuprjeb516,S_baturini_Dall_Island_0011_upd (2014-06-50HGPpatch),"GO:MF, GO:CC, GO:BP"
Pristionchus pacificus (PRJNA12644) [WS276],Pristionchus pacificus,prpaciprjna12644,El_Paco (WS276),"GO:MF, GO:CC, GO:BP"
Schistosoma rodhaini (PRJEB526),Schistosoma rodhaini,scrodhprjeb526,S_rodhaini_Burundi_v1_0_4 (2014-06-50HGPpatch),"GO:MF, GO:CC, GO:BP"
Caenorhabditis nigoni (PRJNA384657),Caenorhabditis nigoni,canigoprjna384657,nigoni.pc_2016.07.14 (2018-01-WormBase),"GO:MF, GO:CC, GO:BP"
Heterodera glycines (PRJNA381081),Heterodera glycines,heglycprjna381081,Hetgly_1 (2019-02-WormBase),"GO:MF, GO:CC, GO:BP"
Ditylenchus destructor (PRJNA312427),Ditylenchus destructor,didestprjna312427,ASM157970v1 (2017-01-WormBase),"GO:MF, GO:CC, GO:BP"
Panagrellus redivivus (PRJNA186477),Panagrellus redivivus,parediprjna186477,Pred3 (2013-09-Caltech),"GO:MF, GO:CC, GO:BP"
Caenorhabditis brenneri (PRJNA20035) [WS276],Caenorhabditis brenneri,cabrenprjna20035,C_brenneri-6.0.1b (WS271),"GO:MF, GO:CC, GO:BP"
Taenia saginata (PRJNA71493),Taenia saginata,tasagiprjna71493,ASM169307v2 (2016-10-WormBase),"GO:MF, GO:CC, GO:BP"
Panagrolaimus superbus (PRJEB32708),Panagrolaimus superbus,pasupeprjeb32708,PSU_v2 (2020-03-WormBase),"GO:MF, GO:CC, GO:BP"
Haemonchus placei (PRJEB509),Haemonchus placei,haplacprjeb509,H_placei_MHpl1_0011_upd (2014-06-50HGPpatch),"GO:MF, GO:CC, GO:BP"
Diploscapter pachys (PRJNA280107),Diploscapter pachys,dipachprjna280107,DipSp1Ass11Ann3 (2018-01-WormBase),"GO:MF, GO:CC, GO:BP"
Caenorhabditis panamensis (PRJEB28259),Caenorhabditis panamensis,capanaprjeb28259,CPANA_v1 (2020-05-WormBase),"GO:MF, GO:CC, GO:BP"
Mesocestoides corti (PRJEB510),Mesocestoides corti,mecortprjeb510,M_corti_Specht_Voge_0011_upd (2019-06-WormBase),"GO:MF, GO:CC, GO:BP"
Ditylenchus dipsaci (PRJNA498219),Ditylenchus dipsaci,didipsprjna498219,D.dipsaci.v1.0 (2019-05-WormBase),"GO:MF, GO:CC, GO:BP"
Brugia pahangi (PRJEB497),Brugia pahangi,brpahaprjeb497,B_pahangi_Glasgow_0011_upd (2014-06-50HGPpatch),"GO:MF, GO:CC, GO:BP"
Echinococcus canadensis (PRJEB8992),Echinococcus canadensis,eccanaprjeb8992,ECANG7 (2017-05-WormBase),"GO:MF, GO:CC, GO:BP"
Taenia asiatica (PRJNA299871),Taenia asiatica,taasiaprjna299871,Taenia_asiatica_TASYD01_v1 (2016-10-WormBase),"GO:MF, GO:CC, GO:BP"
Caenorhabditis tribulationis (PRJEB12608),Caenorhabditis sp. 40 LS-2015,catribprjeb12608,CTRIB_v1 (2020-05-WormBase),"GO:MF, GO:CC, GO:BP"
Trichinella britovi (PRJNA257433),Trichinella britovi,trbritprjna257433,T3_ISS120_r1.0 (2016-05-WormBase),"GO:MF, GO:CC, GO:BP"
Trichobilharzia regenti (PRJEB4662),Trichobilharzia regenti,trregeprjeb4662,T_regenti_v1_0_4_001_upd (2014-06-50HGPpatch),"GO:MF, GO:CC, GO:BP"
Heterorhabditis bacteriophora (PRJNA13977),Heterorhabditis bacteriophora,hebactprjna13977,Heterorhabditis_bacteriophora-7.0 (2014-05-WormBase),"GO:MF, GO:CC, GO:BP"
Trichuris trichiura (PRJEB535),Trichuris trichiura,trtricprjeb535,TTRE2.1 (2014-06-50HGPpatch),"GO:MF, GO:CC, GO:BP"
Panagrolaimus davidi (PRJEB32708),Panagrolaimus davidi,padaviprjeb32708,PDA_v2 (2020-03-WormBase),"GO:MF, GO:CC, GO:BP"
Ascaris suum (PRJNA62057),Ascaris suum,assuumprjna62057,ASM18702v3 (2018-04-WormBase),"GO:MF, GO:CC, GO:BP"
Steinernema glaseri (PRJNA204943),Steinernema glaseri,stglasprjna204943,S_glas_v1_submitted (2014-12-WormBase),"GO:MF, GO:CC, GO:BP"
Gyrodactylus salaris (PRJNA244375),Gyrodactylus salaris,gysalaprjna244375,Gsalaris_v1 (2016-09-WormBase),"GO:MF, GO:CC, GO:BP"
Globodera pallida (PRJEB123),Globodera pallida,glpallprjeb123,GPAL001 (2014-05-WormBase),"GO:MF, GO:CC, GO:BP"
Spirometra erinaceieuropaei (PRJEB1202),Spirometra erinaceieuropaei,sperinprjeb1202,S_erinaceieuropaei (2014-06-50HGPpatch),"GO:MF, GO:CC, GO:BP"
Litomosoides sigmodontis (PRJEB3075),Litomosoides sigmodontis,lisigmprjeb3075,ASM90053727v1 (2014-05-WormBase),"GO:MF, GO:CC, GO:BP"
Ascaris lumbricoides (PRJEB4950),Ascaris lumbricoides,aslumbprjeb4950,A_lumbricoides_Ecuador_v1_5_4 (2014-06-50HGPpatch),"GO:MF, GO:CC, GO:BP"
Dibothriocephalus latus (PRJEB1206),Dibothriocephalus latus,dilatuprjeb1206,D_latum_Geneva_0011_upd (2014-06-50HGPpatch),"GO:MF, GO:CC, GO:BP"
Setaria digitata (PRJNA479729),Setaria digitata,sedigiprjna479729,ASM364038v1 (2020-04-WormBase),"GO:MF, GO:CC, GO:BP"
Echinococcus granulosus (PRJNA182977),Echinococcus granulosus,ecgranprjna182977,ASM52419v1 (2016-04-WormBase),"GO:MF, GO:CC, GO:BP"
Globodera rostochiensis (PRJEB13504),Globodera rostochiensis,glrostprjeb13504,nGr (2016-09-WormBase),"GO:MF, GO:CC, GO:BP"
Caenorhabditis remanei (PRJNA53967) [WS276],Caenorhabditis remanei,caremaprjna53967,C_remanei-15.0.1 (WS271),"GO:MF, GO:CC, GO:BP"
Meloidogyne arenaria (PRJNA438575),Meloidogyne arenaria,mearenprjna438575,ASM313380v1 (2018-08-WormBase),"GO:MF, GO:CC, GO:BP"
Oesophagostomum dentatum (PRJNA72579),Oesophagostomum dentatum,oedentprjna72579,O_dentatum_10.0.ec.cg.pg (2014-05-WormBase),"GO:MF, GO:CC, GO:BP"
Pristionchus arcanus (PRJEB27334),Pristionchus arcanus,prarcaprjeb27334,P._arcanus_genome (2019-01-WormBase),"GO:MF, GO:CC, GO:BP"
Pristionchus maxplancki (PRJEB27334),Pristionchus maxplancki,prmaxpprjeb27334,Prisstionchus_maxplancki_genome (2019-01-WormBase),"GO:MF, GO:CC, GO:BP"
Meloidogyne graminicola (PRJNA411966),Meloidogyne graminicola,megramprjna411966,Mgraminicola_V1 (2018-09-WormBase),"GO:MF, GO:CC, GO:BP"
Schistosoma japonicum (PRJEA34885),Schistosoma japonicum,scjapoprjea34885,ASM15177v1 (2014-05-WormBase),"GO:MF, GO:CC, GO:BP"
Clonorchis sinensis (PRJDA72781),Clonorchis sinensis,clsineprjda72781,C_sinensis-2.0 (2014-05-WormBase),"GO:MF, GO:CC, GO:BP"
Onchocerca flexuosa (PRJNA230512),Onchocerca flexuosa,onflexprjna230512,O_flexuosa_1.0.allpaths.pg.lrna (2018-05-WormBase),"GO:MF, GO:CC, GO:BP"
Dictyocaulus viviparus (PRJNA72587),Dictyocaulus viviparus,diviviprjna72587,D_viviparus_9.2.1.ec.pg (2014-05-WormBase),"GO:MF, GO:CC, GO:BP"
Opisthorchis viverrini (PRJNA222628),Opisthorchis viverrini,opviveprjna222628,OpiViv1.0 (2019-02-WormBase),"GO:MF, GO:CC, GO:BP, KEGG"
Parascaris univalens (PRJNA386823),Parascaris univalens,paunivprjna386823,ASM225920v1 (2020-05-WormBase),"GO:MF, GO:CC, GO:BP"
Romanomermis culicivorax (PRJEB1358),Romanomermis culicivorax,roculiprjeb1358,nRc.2.0 (2014-05-WormBase),"GO:MF, GO:CC, GO:BP"
Steinernema feltiae (PRJNA204661),Steinernema feltiae,stfeltprjna204661,S_felt_v1_submitted (2014-12-WormBase),"GO:MF, GO:CC, GO:BP"
Haemonchus contortus (PRJNA205202),Haemonchus contortus,hacontprjna205202,Hco_v4_coding_submitted (2014-05-WormBase),"GO:MF, GO:CC, GO:BP"
Ancylostoma caninum (PRJNA72585),Ancylostoma caninum,ancaniprjna72585,A_caninum_9.3.2.ec.cg.pg (2014-05-WormBase),"GO:MF, GO:CC, GO:BP"
Trichinella sp. T6 (PRJNA257433),Trichinella sp. T6,trt6prjna257433,T6_ISS34_r1.0 (2016-05-WormBase),"GO:MF, GO:CC, GO:BP"
Caenorhabditis uteleia (PRJEB12600),Caenorhabditis sp. 31 LS-2015,cautelprjeb12600,CUTEL_v1 (2020-05-WormBase),"GO:MF, GO:CC, GO:BP"
Onchocerca volvulus (PRJEB513) [WS276],Onchocerca volvulus,onvolvprjeb513,ASM49940v2 (WS276),"GO:MF, GO:CC, GO:BP"
Steinernema carpocapsae (PRJNA202318),Steinernema carpocapsae,stcarpprjna202318,ASM75764v3 (2020-04-WormBase),"GO:MF, GO:CC, GO:BP"
Fasciola hepatica (PRJNA179522),Fasciola hepatica,fahepaprjna179522,F_hepatica_1.0.allpaths.pg (2014-05-WormBase),"GO:MF, GO:CC, GO:BP"
Ancylostoma ceylanicum (PRJNA231479),Ancylostoma ceylanicum,anceylprjna231479,Acey_2013.11.30.genDNA (2014-05-WormBase),"GO:MF, GO:CC, GO:BP"
Nippostrongylus brasiliensis (PRJEB511),Nippostrongylus brasiliensis,nibrasprjeb511,N_brasiliensis_RM07_v1_5_4_0011_upd (2014-06-50HGPpatch),"GO:MF, GO:CC, GO:BP"
Wuchereria bancrofti (PRJNA275548),Wuchereria bancrofti,wubancprjna275548,Wb_PNG_Genome_assembly_pt22 (2016-05-WormBase),"GO:MF, GO:CC, GO:BP"
Trichinella zimbabwensis (PRJNA257433),Trichinella zimbabwensis,trzimbprjna257433,T11_ISS1029_r1.0 (2016-05-WormBase),"GO:MF, GO:CC, GO:BP"
Propanagrolaimus ju765 (PRJEB32708),Panagrolaimus sp. JU765,prju76prjeb32708,JU765_v2 (2020-03-WormBase),"GO:MF, GO:CC, GO:BP"
Trichinella nelsoni (PRJNA257433),Trichinella nelsoni,trnelsprjna257433,T7_ISS37_r1.0 (2016-05-WormBase),"GO:MF, GO:CC, GO:BP"
Dirofilaria immitis (PRJEB1797),Dirofilaria immitis,diimmiprjeb1797,nDi.2.2 (2014-05-WormBase),"GO:MF, GO:CC, GO:BP"
Wuchereria bancrofti (PRJEB536),Wuchereria bancrofti,wubancprjeb536,W_bancrofti_Jakarta_0011_upd (2014-06-50HGPpatch),"GO:MF, GO:CC, GO:BP"
Strongylus vulgaris (PRJEB531),Strongylus vulgaris,stvulgprjeb531,S_vulgaris_Kentucky_0011_upd (2019-01-WormBase),"GO:MF, GO:CC, GO:BP"
Strongyloides ratti (PRJEB125) [WS276],Strongyloides ratti,strattprjeb125,S_ratti_ED321_v5_0_4 (WS276),"GO:MF, GO:CC, GO:BP"
Meloidogyne incognita (PRJNA340324),Meloidogyne incognita,meincoprjna340324,ASM369364v1 (2019-01-WormBase),"GO:MF, GO:CC, GO:BP"
Teladorsagia circumcincta (PRJNA72569),Teladorsagia circumcincta,tecircprjna72569,T_circumcincta.14.0.ec.cg.pg (2014-05-WormBase),"GO:MF, GO:CC, GO:BP"
Caenorhabditis waitukubuli (PRJEB12602),Caenorhabditis sp. 39 LS-2015,cawaitprjeb12602,CWAIT_v1 (2020-05-WormBase),"GO:MF, GO:CC, GO:BP"
Angiostrongylus cantonensis (PRJNA350391),Angiostrongylus cantonensis,ancantprjna350391,ACgenome_NGS_v2 (2020-03-WormBase),"GO:MF, GO:CC, GO:BP"
Enterobius vermicularis (PRJEB503),Enterobius vermicularis,envermprjeb503,E_vermicularis_Canary_Islands_upd (2014-06-50HGPpatch),"GO:MF, GO:CC, GO:BP"
Loa loa (PRJNA37757),Loa loa,loloaprjna37757,Loa_loa_V3 (2014-05-WormBase),"GO:MF, GO:CC, GO:BP, KEGG"
Trichinella patagoniensis (PRJNA257433),Trichinella patagoniensis,trpataprjna257433,T12_ISS2496_r1.0 (2016-05-WormBase),"GO:MF, GO:CC, GO:BP"
Hymenolepis microstoma (PRJEB124),Hymenolepis microstoma,hymicrprjeb124,HMN_v3 (2018-10-WormBase),"GO:MF, GO:CC, GO:BP"
Schistosoma curassoni (PRJEB519),Schistosoma curassoni,sccuraprjeb519,S_curassoni_Dakar_0011_upd (2014-06-50HGPpatch),"GO:MF, GO:CC, GO:BP"
Hymenolepis diminuta (PRJEB507),Hymenolepis diminuta,hydimiprjeb507,H_diminuta_Denmark_0011_upd (2014-06-50HGPpatch),"GO:MF, GO:CC, GO:BP"
Caenorhabditis sulstoni (PRJEB12601),Caenorhabditis sp. 32 LS-2015,casulsprjeb12601,CSULS_v1 (2020-05-WormBase),"GO:MF, GO:CC, GO:BP"
Trichinella pseudospiralis (ISS13 PRJNA257433),Trichinella pseudospiralis,iss13prjna257433,T4_ISS13_r1.0 (2016-05-WormBase),"GO:MF, GO:CC, GO:BP"
Gongylonema pulchrum (PRJEB505),Gongylonema pulchrum,gopulcprjeb505,G_pulchrum_Hokkaido_0011_upd (2014-06-50HGPpatch),"GO:MF, GO:CC, GO:BP"
Meloidogyne javanica (PRJNA340324),Meloidogyne javanica,mejavaprjna340324,ASM369362v1 (2019-01-WormBase),"GO:MF, GO:CC, GO:BP"
Steinernema feltiae (PRJNA353610),Steinernema feltiae,stfeltprjna353610,S_feltiae_NW_1.0 (2020-04-WormBase),"GO:MF, GO:CC, GO:BP"
Trichinella pseudospiralis (ISS141 PRJNA257433),Trichinella pseudospiralis,iss141prjna257433,T4_ISS141_r1.0 (2016-05-WormBase),"GO:MF, GO:CC, GO:BP"
Micoletzkya japonica (PRJEB27334),Micoletzkya japonica,mijapoprjeb27334,Micoletzkya japonica genome (2019-01-WormBase),"GO:MF, GO:CC, GO:BP"
Heligmosomoides polygyrus (PRJEB15396),Heligmosomoides polygyrus,hepolyprjeb15396,nHp_v2.0 (2016-09-WormBase),"GO:MF, GO:CC, GO:BP"
Ancylostoma ceylanicum (PRJNA72583),Ancylostoma ceylanicum,anceylprjna72583,A_ceylanicum1.3.ec.cg.pg (2020-04-WormBase),"GO:MF, GO:CC, GO:BP"
Acanthocheilonema viteae (PRJEB1697),Acanthocheilonema viteae,acviteprjeb1697,ASM90053725v1 (2014-05-WormBase),"GO:MF, GO:CC, GO:BP"
Trichinella spiralis (PRJNA12603),Trichinella spiralis,trspirprjna12603,Trichinella_spiralis-3.7.1 (2014-05-WormBase),"GO:MF, GO:CC, GO:BP, KEGG"
Pristionchus entomophagus (PRJEB27334),Pristionchus entomophagus,prentoprjeb27334,P._entomophagus_genome (2019-02-WormBase),"GO:MF, GO:CC, GO:BP"
Caenorhabditis sinica (PRJNA194557),Caenorhabditis sinica,casiniprjna194557,1.0 (2011-12-Edinburgh),"GO:MF, GO:CC, GO:BP"
Trichinella sp. T8 (PRJNA257433),Trichinella sp. T8,trt8prjna257433,T8_ISS272_r1.0 (2016-05-WormBase),"GO:MF, GO:CC, GO:BP"
Trichinella nativa (PRJNA179527),Trichinella nativa,trnatiprjna179527,T_nativa_rf_gd (2014-05-WormBase),"GO:MF, GO:CC, GO:BP"
Toxocara canis (PRJNA248777),Toxocara canis,tocaniprjna248777,Toxocara_canis_adult_r1.0 (2016-04-WormBase),"GO:MF, GO:CC, GO:BP"
Onchocerca ochengi (PRJEB1465),Onchocerca ochengi,onocheprjeb1465,ASM90053720v1 (2014-05-WormBase),"GO:MF, GO:CC, GO:BP"
Schistosoma bovis (PRJNA451066),Schistosoma bovis,scboviprjna451066,ASM395894v1 (2019-05-WormBase),"GO:MF, GO:CC, GO:BP"
Trichinella pseudospiralis (ISS588 PRJNA257433),Trichinella pseudospiralis,iss588prjna257433,T4_ISS588_r1.0 (2016-05-WormBase),"GO:MF, GO:CC, GO:BP"
Anisakis simplex (PRJEB496),Anisakis simplex,ansimpprjeb496,A_simplex_0011_upd (2014-06-50HGPpatch),"GO:MF, GO:CC, GO:BP"
Hydatigera taeniaeformis (PRJEB534),Hydatigera taeniaeformis,hytaenprjeb534,H_taeniaeformis_Canary_Islands_0011_upd (2014-06-50HGPpatch),"GO:MF, GO:CC, GO:BP"
Onchocerca ochengi (PRJEB1204),Onchocerca ochengi,onocheprjeb1204,O_ochengi_Ngaoundere (2016-04-WormBase),"GO:MF, GO:CC, GO:BP"
Echinostoma caproni (PRJEB1207),Echinostoma caproni,eccaprprjeb1207,E_caproni_Egypt_0011_upd (2014-06-50HGPpatch),"GO:MF, GO:CC, GO:BP"
Trichinella pseudospiralis (ISS470 PRJNA257433),Trichinella pseudospiralis,iss470prjna257433,T4_ISS470_r1.0 (2016-05-WormBase),"GO:MF, GO:CC, GO:BP"
Schmidtea mediterranea (PRJNA379262),Schmidtea mediterranea,scmediprjna379262,ASM260089v1 (2019-05-WormBase),"GO:MF, GO:CC, GO:BP"
Caenorhabditis quiockensis (PRJEB11354),Caenorhabditis sp. 38 MB-2015,caquioprjeb11354,CQUIO_v1 (2020-05-WormBase),"GO:MF, GO:CC, GO:BP"
Schistosoma japonicum (PRJNA520774),Schistosoma japonicum,scjapoprjna520774,ASM636876v1 (2020-03-WormBase),"GO:MF, GO:CC, GO:BP"
Taenia solium (PRJNA170813),Taenia solium,tasoliprjna170813,Tsolium_Mexico_v1 (2014-05-WormBase),"GO:MF, GO:CC, GO:BP"
Cylicostephanus goldi (PRJEB498),Cylicostephanus goldi,cygoldprjeb498,C_goldi_Cheshire_0011 (2014-06-WormBase),"GO:MF, GO:CC, GO:BP"
Ancylostoma duodenale (PRJNA72581),Ancylostoma duodenale,anduodprjna72581,A_duodenale_2.2.ec.cg.pg (2014-05-WormBase),"GO:MF, GO:CC, GO:BP"
Caenorhabditis tropicalis (PRJNA53597),Caenorhabditis tropicalis,catropprjna53597,Caenorhabditis_sp11_JU1373-3.0.1 (2011-04-WormBase),"GO:MF, GO:CC, GO:BP"
Angiostrongylus cantonensis (PRJEB493),Angiostrongylus cantonensis,ancantprjeb493,A_cantonensis_Taipei_v1_5_4 (2014-06-50HGPpatch),"GO:MF, GO:CC, GO:BP"
Halicephalobus mephisto (PRJNA528747),Halicephalobus sp. WB-2010a,hamephprjna528747,SWDT01000000 (2019-05-WormBase),"GO:MF, GO:CC, GO:BP"
Protopolystoma xenopodis (PRJEB1201),Protopolystoma xenopodis,prxenoprjeb1201,P_xenopodis_South_Africa_v1_0_4 (2014-06-50HGPpatch),"GO:MF, GO:CC, GO:BP"
Meloidogyne hapla (PRJNA29083),Meloidogyne hapla,mehaplprjna29083,Freeze_1 (2014-05-WormBase),"GO:MF, GO:CC, GO:BP"
Steinernema carpocapsae (v1 PRJNA202318),Steinernema carpocapsae,stcav1prjna202318,S_carpo_v1_submitted (2014-12-WormBase),"GO:MF, GO:CC, GO:BP"
Trichuris suis (PRJNA208416 - female),Trichuris suis,trsuisprjna208416,Tsuis_adult_female_1.0 (2014-05-WormBase),"GO:MF, GO:CC, GO:BP"
Oscheius tipulae (PRJEB15512),Oscheius tipulae,ostipuprjeb15512,Oscheius_tipulae_assembly_v2 (2018-05-WormBase),"GO:MF, GO:CC, GO:BP"
Meloidogyne arenaria (PRJNA340324),Meloidogyne arenaria,mearenprjna340324,ASM369356v1 (2019-01-WormBase),"GO:MF, GO:CC, GO:BP"
Meloidogyne floridensis (PRJNA340324),Meloidogyne floridensis,meflorprjna340324,ASM369360v1 (2019-01-WormBase),"GO:MF, GO:CC, GO:BP"
Rhabditophanes sp. KR3021 (PRJEB1297),Rhabditophanes sp. KR3021,rhkr30prjeb1297,Rhabditophanes_sp_KR3021 (2015-05-WormBase),"GO:MF, GO:CC, GO:BP"
Acrobeloides nanus (PRJEB26554),Acrobeloides nanus,acnanuprjeb26554,v1 (2018-08-WormBase),"GO:MF, GO:CC, GO:BP"
Angiostrongylus costaricensis (PRJEB494),Angiostrongylus costaricensis,ancostprjeb494,A_costaricensis_Costa_Rica_0011_upd (2014-06-50HGPpatch),"GO:MF, GO:CC, GO:BP"
Toxocara canis (PRJEB533),Toxocara canis,tocaniprjeb533,T_canis_Equador_0011_upd (2014-06-50HGPpatch),"GO:MF, GO:CC, GO:BP"
Macrostomum lignano (PRJNA371498),Macrostomum lignano,malignprjna371498,Mlig_3_7 (2018-05-WormBase),"GO:MF, GO:CC, GO:BP"
Pristionchus mayeri (PRJEB27334),Pristionchus mayeri,prmayeprjeb27334,Pristionchus_mayeri_genome (2019-01-WormBase),"GO:MF, GO:CC, GO:BP"
Trichinella murrelli (PRJNA257433),Trichinella murrelli,trmurrprjna257433,T5_ISS417_r1.0 (2016-05-WormBase),"GO:MF, GO:CC, GO:BP"
Trichuris suis (PRJNA208415 - male),Trichuris suis,trsuisprjna208415,Tsuis_adult_male_v1.0 (2014-05-WormBase),"GO:MF, GO:CC, GO:BP"
Caenorhabditis remanei (PRJNA248911),Caenorhabditis remanei,caremaprjna248911,CaeRem1.0 (2018-05-WormBase),"GO:MF, GO:CC, GO:BP"
Parastrongyloides trichosuri (PRJEB515),Parastrongyloides trichosuri,patricprjeb515,P_trichosuri_KNP (2015-05-WormBase),"GO:MF, GO:CC, GO:BP"
Trichinella pseudospiralis (ISS176 PRJNA257433),Trichinella pseudospiralis,iss176prjna257433,T4_ISS176_r1.0 (2016-05-WormBase),"GO:MF, GO:CC, GO:BP"
Dictyocaulus viviparus (PRJEB5116),Dictyocaulus viviparus,diviviprjeb5116,nDv.1.0 (2014-05-WormBase),"GO:MF, GO:CC, GO:BP"
Caenorhabditis becei (PRJEB28243),Caenorhabditis becei,cabeceprjeb28243,CBECE_v1 (2020-05-WormBase),"GO:MF, GO:CC, GO:BP"
Paragonimus westermani (PRJNA454344),Paragonimus westermani,pawestprjna454344,ASM850834v1 (2020-03-WormBase),"GO:MF, GO:CC, GO:BP"
Thelazia callipaeda (PRJEB1205),Thelazia callipaeda,thcallprjeb1205,T_callipaeda_Ticino_0011_upd (2014-06-50HGPpatch),"GO:MF, GO:CC, GO:BP"
Meloidogyne javanica (PRJEB8714),Meloidogyne javanica,mejavaprjeb8714,ASM90000394v1 (2018-05-WormBase),"GO:MF, GO:CC, GO:BP"
Fasciola hepatica (PRJEB25283),Fasciola hepatica,fahepaprjeb25283,Fasciola_10x_pilon (2020-05-WormBase),"GO:MF, GO:CC, GO:BP"
Caenorhabditis japonica (PRJNA12591) [WS276],Caenorhabditis japonica,cajapoprjna12591,C_japonica-7.0.1 (WS269),"GO:MF, GO:CC, GO:BP"
Loa loa (PRJNA24608),Loa loa,loloaprjna246086,LLoa-hgap-1 (2015-06-WormBase),"GO:MF, GO:CC, GO:BP, KEGG"
Echinococcus oligarthrus (PRJEB31222),Echinococcus oligarthrus,ecoligprjeb31222,v2 (2020-05-WormBase),"GO:MF, GO:CC, GO:BP"
Trichuris suis (PRJNA179528),Trichuris suis,trsuisprjna179528,T_suis_1.0.allpaths (2014-05-WormBase),"GO:MF, GO:CC, GO:BP"
Pristionchus fissidentatus (PRJEB27334),Pristionchus fissidentatus,prfissprjeb27334,Pristionchus_fissidentatus_genome (2019-01-WormBase),"GO:MF, GO:CC, GO:BP"
Meloidogyne enterolobii (PRJNA340324),Meloidogyne enterolobii,meenteprjna340324,ASM369367v1 (2019-01-WormBase),"GO:MF, GO:CC, GO:BP"
Clonorchis sinensis (PRJNA386618),Clonorchis sinensis,clsineprjna386618,ASM360417v1 (2019-02-WormBase),"GO:MF, GO:CC, GO:BP"
Pristionchus japonicus (PRJEB27334),Pristionchus japonicus,prjapoprjeb27334,Pristionchus_japonicus_genome (2019-02-WormBase),"GO:MF, GO:CC, GO:BP"
Bursaphelenchus xylophilus (PRJEA64437),Bursaphelenchus xylophilus,buxyloprjea64437,ASM23113v1_submitted (2014-05-WormBase),"GO:MF, GO:CC, GO:BP"
Strongyloides papillosus (PRJEB525),Strongyloides papillosus,stpapiprjeb525,S_papillosus_LIN_v2_1_4 (2015-05-WormBase),"GO:MF, GO:CC, GO:BP"
Trichinella papuae (PRJNA257433),Trichinella papuae,trpapuprjna257433,T10_ISS1980_r1.0 (2016-05-WormBase),"GO:MF, GO:CC, GO:BP"
Strongyloides stercoralis (PRJEB528),Strongyloides stercoralis,ststerprjeb528,S_stercoralis_PV0001_v2_0_4 (2015-05-WormBase),"GO:MF, GO:CC, GO:BP"
Schistosoma mansoni (PRJEA36577),Schistosoma mansoni,scmansprjea36577,Smansoni_v7 (2018-10-WormBase),"GO:MF, GO:CC, GO:BP, KEGG"
Caenorhabditis zanzibari (PRJEB12596),Caenorhabditis sp. 26 LS-2015,cazanzprjeb12596,CZANZ_v1 (2020-05-WormBase),"GO:MF, GO:CC, GO:BP"
Taenia asiatica (PRJEB532),Taenia asiatica,taasiaprjeb532,T_asiatica_South_Korea_0011_upd (2014-06-50HGPpatch),"GO:MF, GO:CC, GO:BP"
Macrostomum lignano (PRJNA284736),Macrostomum lignano,malignprjna284736,ML2 (2016-02-WormBase),"GO:MF, GO:CC, GO:BP"
Caenorhabditis bovis (PRJEB34497),Caenorhabditis bovis,caboviprjeb34497,CBOVIS_v1 (2020-05-WormBase),"GO:MF, GO:CC, GO:BP"
Opisthorchis felineus (PRJNA413383),Opisthorchis felineus,opfeliprjna413383,ICG_Ofel_1.0 (2019-05-WormBase),"GO:MF, GO:CC, GO:BP"
Schistosoma mattheei (PRJEB523),Schistosoma mattheei,scmattprjeb523,S_mattheei_Denwood_0011_upd (2014-06-50HGPpatch),"GO:MF, GO:CC, GO:BP"
Panagrolaimus ps1159 (PRJEB32708),Panagrolaimus sp. PS1159,paps11prjeb32708,PS1159_v2 (2020-03-WormBase),"GO:MF, GO:CC, GO:BP"
Caenorhabditis briggsae (PRJNA10731) [WS276],Caenorhabditis briggsae,cabrigprjna10731,CB4 (WS271),"GO:MF, GO:CC, GO:BP, KEGG"
Oryza sativa Indica Group,Oryza sativa Indica Group,oindica,ASM465v1,"GO:MF, GO:CC, GO:BP"
Ananas comosus,Ananas comosus,acomosus,F153,"GO:MF, GO:CC, GO:BP"
Oryza rufipogon,Oryza rufipogon,orufipogon,OR_W1943,"GO:MF, GO:CC, GO:BP"
Chenopodium quinoa,Chenopodium quinoa,cquinoa,ASM168347v1,"GO:MF, GO:CC, GO:BP"
Oryza barthii,Oryza barthii,obarthii,O.barthii_v1,"GO:MF, GO:CC, GO:BP"
Cynara cardunculus,Cynara cardunculus var. scolymus,ccardunculus,CcrdV1,"GO:MF, GO:CC, GO:BP, KEGG"
Actinidia chinensis,Actinidia chinensis var. chinensis,achinensis,Red5_PS1_1.69.0,"GO:MF, GO:CC, GO:BP"
Lupinus angustifolius,Lupinus angustifolius,langustifolius,LupAngTanjil_v1.0,"GO:MF, GO:CC, GO:BP, KEGG"
Kalanchoe fedtschenkoi,Kalanchoe fedtschenkoi,kfedtschenkoi,K_fedtschenkoi_M2_v1,"GO:MF, GO:CC, GO:BP"
Solanum tuberosum,Solanum tuberosum,stuberosum,SolTub_3.0,"GO:MF, GO:CC, GO:BP, KEGG"
Triticum aestivum Stanley,Triticum aestivum,tastanley,PGSBv2.0_Stanley,"GO:MF, GO:CC, GO:BP"
Triticum aestivum Weebill,Triticum aestivum,taweebil,EI_WeebilV1,"GO:MF, GO:CC, GO:BP"
Papaver somniferum,Papaver somniferum,psomniferum,ASM357369v1,"GO:MF, GO:CC, GO:BP"
Medicago truncatula,Medicago truncatula,mtruncatula,MedtrA17_4.0,"GO:MF, GO:CC, GO:BP, KEGG"
Ipomoea triloba,Ipomoea triloba,itriloba,ASM357664v1,"GO:MF, GO:CC, GO:BP"
Olea europaea var. sylvestris,Olea europaea var. sylvestris,oesylvestris,O_europaea_v1,"GO:MF, GO:CC, GO:BP, KEGG"
Chondrus crispus,Chondrus crispus,ccrispus,ASM35022v2,"GO:MF, GO:CC, GO:BP, KEGG"
Brassica napus,Brassica napus,bnapus,AST_PRJEB5043_v1,"GO:MF, GO:CC, GO:BP, KEGG"
Capsicum annuum,Capsicum annuum,cannuum,ASM51225v2,"GO:MF, GO:CC, GO:BP, KEGG"
Ostreococcus lucimarinus,Ostreococcus lucimarinus CCE9901,olucimarinus,ASM9206v1,"GO:MF, GO:CC, GO:BP, KEGG"
Juglans regia,Juglans regia,jregia,Walnut_2.0,"GO:MF, GO:CC, GO:BP"
Vitis vinifera,Vitis vinifera,vvinifera,12X,"GO:MF, GO:CC, GO:BP, KEGG"
Brassica oleracea,Brassica oleracea var. oleracea,boleracea,BOL,"GO:MF, GO:CC, GO:BP, KEGG"
Marchantia polymorpha,Marchantia polymorpha,mpolymorpha,Marchanta_polymorpha_v1,"GO:MF, GO:CC, GO:BP"
Saccharum spontaneum,Saccharum spontaneum,sspontaneum,Sspon.HiC_chr_asm,"GO:MF, GO:CC, GO:BP"
Cyanidioschyzon merolae,Cyanidioschyzon merolae strain 10D,cmerolae,ASM9120v1,"GO:MF, GO:CC, GO:BP, KEGG"
Oryza glaberrima,Oryza glaberrima,oglaberrima,Oryza_glaberrima_V1,"GO:MF, GO:CC, GO:BP"
Gossypium raimondii,Gossypium raimondii,graimondii,Graimondii2_0_v6,"GO:MF, GO:CC, GO:BP, KEGG"
Glycine max,Glycine max,gmax,Glycine_max_v2.1,"GO:MF, GO:CC, GO:BP, KEGG"
Setaria viridis,Setaria viridis,sviridis,Setaria_viridis_v2.0,"GO:MF, GO:CC, GO:BP"
Triticum urartu,Triticum urartu,turartu,ASM34745v1,"GO:MF, GO:CC, GO:BP"
Triticum aestivum Cadenza,Triticum aestivum,tacadenza,TGAC_cadenza,"GO:MF, GO:CC, GO:BP"
Physcomitrium patens,Physcomitrium patens,ppatens,Phypa V3,"GO:MF, GO:CC, GO:BP, KEGG"
Sesamum indicum,Sesamum indicum,sindicum,S_indicum_v1.0,"GO:MF, GO:CC, GO:BP"
Triticum aestivum Norin61,Triticum aestivum,tanorin61,PGSBv2.0_Norin61,"GO:MF, GO:CC, GO:BP"
Prunus avium,Prunus avium,pavium,PAV_r1.0,"GO:MF, GO:CC, GO:BP, KEGG"
Triticum aestivum Arinalrfor,Triticum aestivum,taarinalrfor,PGSBv2.0_Arinalrfor,"GO:MF, GO:CC, GO:BP"
Nymphaea colorata,Nymphaea colorata,ncolorata,ASM883128v1,"GO:MF, GO:CC, GO:BP"
Triticum aestivum Claire,Triticum aestivum,taclaire,TGAC_paragon,"GO:MF, GO:CC, GO:BP"
Daucus carota,Daucus carota subsp. sativus,dcarota,ASM162521v1,"GO:MF, GO:CC, GO:BP, KEGG"
Cucumis sativus,Cucumis sativus,csativus,ASM407v2,"GO:MF, GO:CC, GO:BP, KEGG"
Eucalyptus grandis,Eucalyptus grandis,egrandis,Egrandis1_0,"GO:MF, GO:CC, GO:BP"
Oryza brachyantha,Oryza brachyantha,obrachyantha,Oryza_brachyantha.v1.4b,"GO:MF, GO:CC, GO:BP, KEGG"
Arabidopsis thaliana,Arabidopsis thaliana,athaliana,TAIR10,"GO:MF, GO:CC, GO:BP, KEGG, MIRNA, WP"
Leersia perrieri,Leersia perrieri,lperrieri,Lperr_V1.4,"GO:MF, GO:CC, GO:BP"
Phaseolus vulgaris,Phaseolus vulgaris,pvulgaris,PhaVulg1_0,"GO:MF, GO:CC, GO:BP, KEGG"
Populus trichocarpa,Populus trichocarpa,ptrichocarpa,Pop_tri_v3,"GO:MF, GO:CC, GO:BP, KEGG, WP"
Oryza glumipatula,Oryza glumipatula,oglumipatula,Oryza_glumaepatula_v1.5,"GO:MF, GO:CC, GO:BP"
Oryza nivara,Oryza nivara,onivara,Oryza_nivara_v1.0,"GO:MF, GO:CC, GO:BP"
Triticum aestivum Landmark,Triticum aestivum,talandmark,PGSBv2.0_Landmark,"GO:MF, GO:CC, GO:BP"
Triticum aestivum Lancer,Triticum aestivum,talancer,PGSBv2.0_Lancer,"GO:MF, GO:CC, GO:BP"
Oryza sativa Japonica Group,Oryza sativa Japonica Group,osativa,IRGSP-1.0,"GO:MF, GO:CC, GO:BP, KEGG, MIRNA, WP"
Dioscorea rotundata,Dioscorea cayenensis subsp. rotundata,drotundata,TDr96_F1_v2_PseudoChromosome,"GO:MF, GO:CC, GO:BP"
Hordeum vulgare TRITEX,Hordeum vulgare subsp. vulgare,hvtritex,Morex_V2_scaf,"GO:MF, GO:CC, GO:BP"
Triticum aestivum Robigus,Triticum aestivum,tarobigus,TGAC_robigus,"GO:MF, GO:CC, GO:BP"
Triticum spelta,Triticum spelta,tspelta,PGSBv2.0_Spelta,"GO:MF, GO:CC, GO:BP"
Zea mays,Zea mays,zmays,Zm-B73-REFERENCE-NAM-5.0,"GO:MF, GO:CC, GO:BP, KEGG"
Triticum aestivum Mace,Triticum aestivum,tamace,PGSBv2.0_Mace,"GO:MF, GO:CC, GO:BP"
Corchorus capsularis,Corchorus capsularis,ccapsularis,CCACVL1_1.0,"GO:MF, GO:CC, GO:BP"
Musa acuminata,Musa acuminata subsp. malaccensis,macuminata,Musa_acuminata_v2,"GO:MF, GO:CC, GO:BP, KEGG"
Triticum aestivum Sy Mattis,Triticum aestivum,tamattis,PGSBv2.0_Mattis,"GO:MF, GO:CC, GO:BP"
Triticum aestivum Paragon,Triticum aestivum,taparagon,EI_paragon,"GO:MF, GO:CC, GO:BP"
Cucumis melo,Cucumis melo,cmelo,Melonv4,"GO:MF, GO:CC, GO:BP, KEGG"
Manihot esculenta,Manihot esculenta,mesculenta,Manihot esculenta v6,"GO:MF, GO:CC, GO:BP, KEGG"
Prunus persica,Prunus persica,ppersica,Prunus_persica_NCBIv2,"GO:MF, GO:CC, GO:BP, KEGG"
Brachypodium distachyon,Brachypodium distachyon,bdistachyon,Brachypodium_distachyon_v3.0,"GO:MF, GO:CC, GO:BP, KEGG"
Nicotiana attenuata,Nicotiana attenuata,nattenuata,NIATTr2,"GO:MF, GO:CC, GO:BP, KEGG"
Oryza meridionalis,Oryza meridionalis,omeridionalis,Oryza_meridionalis_v1.3,"GO:MF, GO:CC, GO:BP"
Trifolium pratense,Trifolium pratense,tpratense,Trpr,"GO:MF, GO:CC, GO:BP"
Arabidopsis lyrata,Arabidopsis lyrata subsp. lyrata,alyrata,v.1.0,"GO:MF, GO:CC, GO:BP, KEGG"
Camelina sativa,Camelina sativa,csativa,Cs,"GO:MF, GO:CC, GO:BP, KEGG"
Cannabis sativa female,Cannabis sativa,csfemale,cs10,"GO:MF, GO:CC, GO:BP"
Selaginella moellendorffii,Selaginella moellendorffii,smoellendorffii,v1.0,"GO:MF, GO:CC, GO:BP, KEGG"
Eutrema salsugineum,Eutrema salsugineum,esalsugineum,Eutsalg1_0,"GO:MF, GO:CC, GO:BP"
Arabis alpina,Arabis alpina,aalpina,A_alpina_V4,"GO:MF, GO:CC, GO:BP"
Triticum turgidum,Triticum turgidum subsp. durum,tturgidum,svevo,"GO:MF, GO:CC, GO:BP"
Eragrostis tef,Eragrostis tef,etef,ASM97063v1,"GO:MF, GO:CC, GO:BP"
Triticum aestivum Jagger,Triticum aestivum,tajagger,PGSBv2.0_Jagger,"GO:MF, GO:CC, GO:BP"
Oryza longistaminata,Oryza longistaminata,olongistaminata,O_longistaminata_v1.0,"GO:MF, GO:CC, GO:BP"
Rosa chinensis,Rosa chinensis,rchinensis,RchiOBHm-V2,"GO:MF, GO:CC, GO:BP, KEGG"
Helianthus annuus,Helianthus annuus,hannuus,HanXRQr1.0,"GO:MF, GO:CC, GO:BP, KEGG"
Citrullus lanatus,Citrullus lanatus,clanatus,Cla97_v1,"GO:MF, GO:CC, GO:BP"
Triticum aestivum,Triticum aestivum,taestivum,IWGSC,"GO:MF, GO:CC, GO:BP"
Citrus clementina,Citrus clementina,cclementina,Citrus_clementina_v1.0,"GO:MF, GO:CC, GO:BP, KEGG"
Sorghum bicolor,Sorghum bicolor,sbicolor,Sorghum_bicolor_NCBIv3,"GO:MF, GO:CC, GO:BP, KEGG"
Theobroma cacao Belizian Criollo B97-61/B2,Theobroma cacao,tccriollo,Criollo_cocoa_genome_V2,"GO:MF, GO:CC, GO:BP, KEGG"
Aegilops tauschii,Aegilops tauschii subsp. strangulata,atauschii,Aet v4.0,"GO:MF, GO:CC, GO:BP"
Chara braunii,Chara braunii,cbraunii,Cbr_1.0,"GO:MF, GO:CC, GO:BP"
Asparagus officinalis,Asparagus officinalis,aofficinalis,Aspof.V1,"GO:MF, GO:CC, GO:BP"
Pistacia vera,Pistacia vera,pvera,PisVer_v2,"GO:MF, GO:CC, GO:BP"
Panicum hallii HAL2,Panicum hallii var. hallii,phallii,PhalliiHAL_v2.1,"GO:MF, GO:CC, GO:BP"
Panicum hallii FIL2,Panicum hallii,phfil2,PHallii_v3.1,"GO:MF, GO:CC, GO:BP"
Vigna angularis,Vigna angularis,vangularis,Vigan1.1,"GO:MF, GO:CC, GO:BP, KEGG"
Setaria italica,Setaria italica,sitalica,Setaria_italica_v2.0,"GO:MF, GO:CC, GO:BP, KEGG"
Amborella trichopoda,Amborella trichopoda,atrichopoda,AMTR1.0,"GO:MF, GO:CC, GO:BP, KEGG"
Triticum aestivum Julius,Triticum aestivum,tajulius,PGSBv2.0_Julius,"GO:MF, GO:CC, GO:BP"
Triticum dicoccoides,Triticum dicoccoides,tdicoccoides,WEWSeq v.1.0,"GO:MF, GO:CC, GO:BP"
Arabidopsis halleri,Arabidopsis halleri subsp. gemmifera,ahalleri,Ahal2.2,"GO:MF, GO:CC, GO:BP"
Oryza punctata,Oryza punctata,opunctata,Oryza_punctata_v1.2,"GO:MF, GO:CC, GO:BP"
Hordeum vulgare GoldenPromise,Hordeum vulgare subsp. vulgare,hvgoldenpromise,GPv1,"GO:MF, GO:CC, GO:BP"
Eragrostis curvula,Eragrostis curvula,ecurvula,CERZOS_E.curvula1.0,"GO:MF, GO:CC, GO:BP"
Solanum lycopersicum,Solanum lycopersicum,slycopersicum,SL3.0,"GO:MF, GO:CC, GO:BP, KEGG"
Hordeum vulgare,Hordeum vulgare subsp. vulgare,hvulgare,IBSC v2,"GO:MF, GO:CC, GO:BP"
Brassica rapa,Brassica rapa,brapa,Brapa_1.0,"GO:MF, GO:CC, GO:BP, KEGG"
Coffea canephora,Coffea canephora,ccanephora,AUK_PRJEB4211_v1,"GO:MF, GO:CC, GO:BP"
Theobroma cacao Matina 1-6,Theobroma cacao,tcacao,Theobroma_cacao_20110822,"GO:MF, GO:CC, GO:BP"
Chlamydomonas reinhardtii,Chlamydomonas reinhardtii,creinhardtii,Chlamydomonas_reinhardtii_v5.5,"GO:MF, GO:CC, GO:BP, KEGG"
Prunus dulcis,Prunus dulcis,pdulcis,ALMONDv2,"GO:MF, GO:CC, GO:BP"
Galdieria sulphuraria,Galdieria sulphuraria,gsulphuraria,ASM34128v1,"GO:MF, GO:CC, GO:BP, KEGG"
Malus domestica Golden,Malus domestica,mdgolden,ASM211411v1,"GO:MF, GO:CC, GO:BP, KEGG"
Vigna radiata,Vigna radiata var. radiata,vradiata,Vradiata_ver6,"GO:MF, GO:CC, GO:BP, KEGG"
Beta vulgaris,Beta vulgaris subsp. vulgaris,bvulgaris,RefBeet-1.2.2,"GO:MF, GO:CC, GO:BP, KEGG"
Quercus lobata,Quercus lobata,qlobata,ValleyOak3.0,"GO:MF, GO:CC, GO:BP"
Trypanosoma brucei,Trypanosoma brucei,tbrucei,TryBru_Apr2005_chr11,"GO:MF, GO:CC, GO:BP"
Plasmodium falciparum 3D7,Plasmodium falciparum 3D7,pfalciparum,ASM276v2,"GO:MF, GO:CC, GO:BP, KEGG, REAC"
Plasmodium knowlesi,Plasmodium knowlesi strain H,pknowlesi,ASM635v1,"GO:MF, GO:CC, GO:BP, KEGG"
Pythium irregulare,Globisporangium irregulare DAOM BR486,pirregulare,pir_scaffolds_v1,"GO:MF, GO:CC, GO:BP"
Albugo laibachii,Albugo laibachii Nc14,alaibachii,ENA 1,"GO:MF, GO:CC, GO:BP"
Guillardia theta CCMP2712,Guillardia theta CCMP2712,gtheta,Guith1,"GO:MF, GO:CC, GO:BP, KEGG"
Phytophthora infestans,Phytophthora infestans T30-4,pinfestans,ASM14294v1,"GO:MF, GO:CC, GO:BP, KEGG"
Pythium vexans,Phytopythium vexans DAOM BR484,pvexans,pve_scaffolds_v1,"GO:MF, GO:CC, GO:BP"
Pythium ultimum,Globisporangium ultimum DAOM BR144,pultimum,pug,"GO:MF, GO:CC, GO:BP"
Pseudo-nitzschia multistriata,Pseudo-nitzschia multistriata,pmultistriata,ASM90066040v1,"GO:MF, GO:CC, GO:BP"
Paramecium tetraurelia,Paramecium tetraurelia,ptetraurelia,ASM16542v1,"GO:MF, GO:CC, GO:BP"
Plasmodium vivax,Plasmodium vivax,pvivax,ASM241v2,"GO:MF, GO:CC, GO:BP"
Hyaloperonospora arabidopsidis,Hyaloperonospora arabidopsidis Emoy2,harabidopsidis,HyaAraEmoy2_2.0,"GO:MF, GO:CC, GO:BP"
Tetrahymena thermophila,Tetrahymena thermophila SB210,tthermophila,JCVI-TTA1-2.2,"GO:MF, GO:CC, GO:BP, KEGG"
Phaeodactylum tricornutum,Phaeodactylum tricornutum CCAP 1055/1,ptricornutum,ASM15095v2,"GO:MF, GO:CC, GO:BP, KEGG"
Phytophthora kernoviae,Phytophthora kernoviae 00238/432,pkernoviae,PhyKer238/432v1,"GO:MF, GO:CC, GO:BP"
Plasmodium chabaudi,Plasmodium chabaudi chabaudi,pchabaudi,PCHAS01,"GO:MF, GO:CC, GO:BP, KEGG"
Bigelowiella natans,Bigelowiella natans CCMP2755,bnatans,Bigna1,"GO:MF, GO:CC, GO:BP"
Pythium arrhenomanes,Pythium arrhenomanes ATCC 12531,parrhenomanes,par_scaffolds_v1,"GO:MF, GO:CC, GO:BP"
Thalassiosira pseudonana,Thalassiosira pseudonana CCMP1335,tpseudonana,ASM14940v2,"GO:MF, GO:CC, GO:BP, KEGG"
Entamoeba histolytica,Entamoeba histolytica HM-1:IMSS,ehistolytica,JCVI-ESG2-1.0,"GO:MF, GO:CC, GO:BP, KEGG"
Toxoplasma gondii ME49,Toxoplasma gondii ME49,tgondii,TGA4,"GO:MF, GO:CC, GO:BP, KEGG"
Phytophthora ramorum,Phytophthora ramorum,pramorum,ASM14973v1,"GO:MF, GO:CC, GO:BP"
Pythium aphanidermatum,Pythium aphanidermatum DAOM BR444,paphanidermatum,pag1_scaffolds_v1,"GO:MF, GO:CC, GO:BP"
Phytophthora parasitica,Phytophthora parasitica P1569,pparasitica,Phyt_para_P1569_V1,"GO:MF, GO:CC, GO:BP"
Pythium iwayamai,Globisporangium iwayamae DAOM BR242034,piwayamai,piw_scaffolds_v1,"GO:MF, GO:CC, GO:BP"
Phytophthora sojae,Phytophthora sojae,psojae,P.sojae V3.0,"GO:MF, GO:CC, GO:BP, KEGG"
Leishmania major,Leishmania major strain Friedlin,lmajor,ASM272v2,"GO:MF, GO:CC, GO:BP, KEGG"
Phytophthora lateralis,Phytophthora lateralis MPF4,plateralis,MPF4_v1.0,"GO:MF, GO:CC, GO:BP"
Plasmodium berghei,Plasmodium berghei ANKA,pberghei,PBANKA01,"GO:MF, GO:CC, GO:BP, KEGG"
Giardia lamblia,Giardia lamblia ATCC 50803,glamblia,GL2,"GO:MF, GO:CC, GO:BP, KEGG"
Emiliania huxleyi,Emiliania huxleyi CCMP1516,ehuxleyi,Emiliana huxleyi CCMP1516 main genome assembly v1.0,"GO:MF, GO:CC, GO:BP, KEGG"
Dictyostelium discoideum,Dictyostelium discoideum AX4,ddiscoideum,dicty_2.7,"GO:MF, GO:CC, GO:BP, KEGG, REAC"
